ISO-10303-21;
HEADER;
/* Generated by software containing ST-Developer
 * from STEP Tools, Inc. (www.steptools.com) 
 */
/* OPTION: using custom renumber hook */

FILE_DESCRIPTION(
/* description */ ('STEP AP242 Edition 2',
'CAx-IF Rec.Pracs.---Representation and Presentation of Product Manufa
cturing Information (PMI)---4.0---2014-10-13',
'CAx-IF Rec.Pracs.---3D Tessellated Geometry---0.4---2014-09-14','2;1',
'CAx-IF Rec.Pracs.---User Defined Attributes---1.5---2016-08-15'),
/* implementation_level */ '2;1');

FILE_NAME(
/* name */ 'lcr',
/* time_stamp */ '2026-08-12T09:03:49Z',
/* author */ (''),
/* organization */ (''),
/* preprocessor_version */ 'ST-DEVELOPER v20',
/* originating_system */ 'ONSHAPE BY PTC INC, 1.219',
/* authorisation */ '  ');

FILE_SCHEMA (('AP242_MANAGED_MODEL_BASED_3D_ENGINEERING_MIM_LF { 1 0 10303 442 3 1 4 }'));
ENDSEC;

DATA;
#10=SHAPE_REPRESENTATION_RELATIONSHIP('','',#1858,#12);
#11=SHAPE_REPRESENTATION_RELATIONSHIP('','',#1859,#13);
#12=ADVANCED_BREP_SHAPE_REPRESENTATION('',(#1854),#3078);
#13=ADVANCED_BREP_SHAPE_REPRESENTATION('',(#1855),#3079);
#14=PLANE('',#1864);
#15=PLANE('',#1868);
#16=PLANE('',#1872);
#17=PLANE('',#1885);
#18=PLANE('',#1889);
#19=PLANE('',#1890);
#20=PLANE('',#1892);
#21=PLANE('',#1893);
#22=PLANE('',#1894);
#23=PLANE('',#1895);
#24=PLANE('',#1896);
#25=PLANE('',#1897);
#26=PLANE('',#1898);
#27=PLANE('',#1899);
#28=PLANE('',#1905);
#29=PLANE('',#1913);
#30=PLANE('',#1917);
#31=PLANE('',#1924);
#32=PLANE('',#1928);
#33=PLANE('',#1929);
#34=PLANE('',#1938);
#35=PLANE('',#1943);
#36=PLANE('',#1944);
#37=PLANE('',#1949);
#38=PLANE('',#1954);
#39=PLANE('',#1959);
#40=PLANE('',#1996);
#41=PLANE('',#1997);
#42=PLANE('',#1998);
#43=PLANE('',#1999);
#44=PLANE('',#2000);
#45=PLANE('',#2001);
#46=PLANE('',#2002);
#47=PLANE('',#2003);
#48=PLANE('',#2004);
#49=PLANE('',#2005);
#50=PLANE('',#2006);
#51=PLANE('',#2007);
#52=PLANE('',#2008);
#53=PLANE('',#2009);
#54=PLANE('',#2010);
#55=PLANE('',#2012);
#56=PLANE('',#2014);
#57=PLANE('',#2016);
#58=PLANE('',#2019);
#59=PLANE('',#2021);
#60=PLANE('',#2022);
#61=PLANE('',#2023);
#62=PLANE('',#2024);
#63=PLANE('',#2025);
#64=PLANE('',#2026);
#65=PLANE('',#2027);
#66=PLANE('',#2028);
#67=PLANE('',#2029);
#68=LINE('',#2555,#248);
#69=LINE('',#2559,#249);
#70=LINE('',#2561,#250);
#71=LINE('',#2563,#251);
#72=LINE('',#2565,#252);
#73=LINE('',#2569,#253);
#74=LINE('',#2573,#254);
#75=LINE('',#2575,#255);
#76=LINE('',#2577,#256);
#77=LINE('',#2581,#257);
#78=LINE('',#2585,#258);
#79=LINE('',#2587,#259);
#80=LINE('',#2589,#260);
#81=LINE('',#2593,#261);
#82=LINE('',#2612,#262);
#83=LINE('',#2613,#263);
#84=LINE('',#2623,#264);
#85=LINE('',#2626,#265);
#86=LINE('',#2628,#266);
#87=LINE('',#2630,#267);
#88=LINE('',#2632,#268);
#89=LINE('',#2635,#269);
#90=LINE('',#2637,#270);
#91=LINE('',#2639,#271);
#92=LINE('',#2641,#272);
#93=LINE('',#2644,#273);
#94=LINE('',#2646,#274);
#95=LINE('',#2648,#275);
#96=LINE('',#2650,#276);
#97=LINE('',#2653,#277);
#98=LINE('',#2655,#278);
#99=LINE('',#2657,#279);
#100=LINE('',#2659,#280);
#101=LINE('',#2662,#281);
#102=LINE('',#2664,#282);
#103=LINE('',#2666,#283);
#104=LINE('',#2668,#284);
#105=LINE('',#2671,#285);
#106=LINE('',#2673,#286);
#107=LINE('',#2675,#287);
#108=LINE('',#2677,#288);
#109=LINE('',#2680,#289);
#110=LINE('',#2682,#290);
#111=LINE('',#2684,#291);
#112=LINE('',#2686,#292);
#113=LINE('',#2689,#293);
#114=LINE('',#2691,#294);
#115=LINE('',#2693,#295);
#116=LINE('',#2695,#296);
#117=LINE('',#2697,#297);
#118=LINE('',#2699,#298);
#119=LINE('',#2701,#299);
#120=LINE('',#2703,#300);
#121=LINE('',#2705,#301);
#122=LINE('',#2707,#302);
#123=LINE('',#2711,#303);
#124=LINE('',#2715,#304);
#125=LINE('',#2720,#305);
#126=LINE('',#2724,#306);
#127=LINE('',#2725,#307);
#128=LINE('',#2726,#308);
#129=LINE('',#2727,#309);
#130=LINE('',#2728,#310);
#131=LINE('',#2729,#311);
#132=LINE('',#2730,#312);
#133=LINE('',#2732,#313);
#134=LINE('',#2736,#314);
#135=LINE('',#2742,#315);
#136=LINE('',#2746,#316);
#137=LINE('',#2747,#317);
#138=LINE('',#2749,#318);
#139=LINE('',#2751,#319);
#140=LINE('',#2755,#320);
#141=LINE('',#2759,#321);
#142=LINE('',#2761,#322);
#143=LINE('',#2763,#323);
#144=LINE('',#2767,#324);
#145=LINE('',#2771,#325);
#146=LINE('',#2774,#326);
#147=LINE('',#2776,#327);
#148=LINE('',#2778,#328);
#149=LINE('',#2780,#329);
#150=LINE('',#2782,#330);
#151=LINE('',#2784,#331);
#152=LINE('',#2786,#332);
#153=LINE('',#2793,#333);
#154=LINE('',#2797,#334);
#155=LINE('',#2800,#335);
#156=LINE('',#2802,#336);
#157=LINE('',#2803,#337);
#158=LINE('',#2805,#338);
#159=LINE('',#2807,#339);
#160=LINE('',#2809,#340);
#161=LINE('',#2813,#341);
#162=LINE('',#2817,#342);
#163=LINE('',#2820,#343);
#164=LINE('',#2821,#344);
#165=LINE('',#2826,#345);
#166=LINE('',#2828,#346);
#167=LINE('',#2830,#347);
#168=LINE('',#2832,#348);
#169=LINE('',#2833,#349);
#170=LINE('',#2835,#350);
#171=LINE('',#2839,#351);
#172=LINE('',#2848,#352);
#173=LINE('',#2850,#353);
#174=LINE('',#2851,#354);
#175=LINE('',#2852,#355);
#176=LINE('',#2857,#356);
#177=LINE('',#2860,#357);
#178=LINE('',#2861,#358);
#179=LINE('',#2862,#359);
#180=LINE('',#2863,#360);
#181=LINE('',#2867,#361);
#182=LINE('',#2869,#362);
#183=LINE('',#2872,#363);
#184=LINE('',#2873,#364);
#185=LINE('',#2876,#365);
#186=LINE('',#2878,#366);
#187=LINE('',#2879,#367);
#188=LINE('',#2880,#368);
#189=LINE('',#2882,#369);
#190=LINE('',#2884,#370);
#191=LINE('',#2885,#371);
#192=LINE('',#2922,#372);
#193=LINE('',#2923,#373);
#194=LINE('',#2928,#374);
#195=LINE('',#2929,#375);
#196=LINE('',#2931,#376);
#197=LINE('',#2935,#377);
#198=LINE('',#2943,#378);
#199=LINE('',#2944,#379);
#200=LINE('',#2971,#380);
#201=LINE('',#2974,#381);
#202=LINE('',#2976,#382);
#203=LINE('',#2978,#383);
#204=LINE('',#2980,#384);
#205=LINE('',#2982,#385);
#206=LINE('',#2984,#386);
#207=LINE('',#2986,#387);
#208=LINE('',#2988,#388);
#209=LINE('',#2990,#389);
#210=LINE('',#2992,#390);
#211=LINE('',#2994,#391);
#212=LINE('',#2996,#392);
#213=LINE('',#2998,#393);
#214=LINE('',#3000,#394);
#215=LINE('',#3002,#395);
#216=LINE('',#3004,#396);
#217=LINE('',#3006,#397);
#218=LINE('',#3008,#398);
#219=LINE('',#3010,#399);
#220=LINE('',#3012,#400);
#221=LINE('',#3014,#401);
#222=LINE('',#3016,#402);
#223=LINE('',#3018,#403);
#224=LINE('',#3020,#404);
#225=LINE('',#3022,#405);
#226=LINE('',#3024,#406);
#227=LINE('',#3026,#407);
#228=LINE('',#3028,#408);
#229=LINE('',#3030,#409);
#230=LINE('',#3032,#410);
#231=LINE('',#3034,#411);
#232=LINE('',#3036,#412);
#233=LINE('',#3038,#413);
#234=LINE('',#3040,#414);
#235=LINE('',#3041,#415);
#236=LINE('',#3045,#416);
#237=LINE('',#3047,#417);
#238=LINE('',#3049,#418);
#239=LINE('',#3051,#419);
#240=LINE('',#3054,#420);
#241=LINE('',#3055,#421);
#242=LINE('',#3057,#422);
#243=LINE('',#3060,#423);
#244=LINE('',#3061,#424);
#245=LINE('',#3063,#425);
#246=LINE('',#3065,#426);
#247=LINE('',#3067,#427);
#248=VECTOR('',#2036,1.);
#249=VECTOR('',#2039,1.);
#250=VECTOR('',#2042,1.);
#251=VECTOR('',#2043,1.);
#252=VECTOR('',#2044,1.);
#253=VECTOR('',#2049,1.);
#254=VECTOR('',#2054,1.);
#255=VECTOR('',#2055,1.);
#256=VECTOR('',#2056,1.);
#257=VECTOR('',#2061,1.);
#258=VECTOR('',#2066,1.);
#259=VECTOR('',#2067,1.);
#260=VECTOR('',#2068,1.);
#261=VECTOR('',#2073,1.);
#262=VECTOR('',#2096,1.);
#263=VECTOR('',#2097,1.);
#264=VECTOR('',#2112,1.);
#265=VECTOR('',#2113,1.);
#266=VECTOR('',#2114,1.);
#267=VECTOR('',#2115,1.);
#268=VECTOR('',#2118,1.);
#269=VECTOR('',#2119,1.);
#270=VECTOR('',#2120,1.);
#271=VECTOR('',#2121,1.);
#272=VECTOR('',#2124,1.);
#273=VECTOR('',#2125,1.);
#274=VECTOR('',#2126,1.);
#275=VECTOR('',#2127,1.);
#276=VECTOR('',#2130,1.);
#277=VECTOR('',#2131,1.);
#278=VECTOR('',#2132,1.);
#279=VECTOR('',#2133,1.);
#280=VECTOR('',#2136,1.);
#281=VECTOR('',#2137,1.);
#282=VECTOR('',#2138,1.);
#283=VECTOR('',#2139,1.);
#284=VECTOR('',#2142,1.);
#285=VECTOR('',#2143,1.);
#286=VECTOR('',#2144,1.);
#287=VECTOR('',#2145,1.);
#288=VECTOR('',#2148,1.);
#289=VECTOR('',#2149,1.);
#290=VECTOR('',#2150,1.);
#291=VECTOR('',#2151,1.);
#292=VECTOR('',#2154,1.);
#293=VECTOR('',#2155,1.);
#294=VECTOR('',#2156,1.);
#295=VECTOR('',#2157,1.);
#296=VECTOR('',#2158,1.);
#297=VECTOR('',#2159,1.);
#298=VECTOR('',#2160,1.);
#299=VECTOR('',#2161,1.);
#300=VECTOR('',#2162,1.);
#301=VECTOR('',#2163,1.);
#302=VECTOR('',#2164,1.);
#303=VECTOR('',#2167,1.);
#304=VECTOR('',#2172,1.);
#305=VECTOR('',#2175,1.);
#306=VECTOR('',#2180,1.);
#307=VECTOR('',#2181,1.);
#308=VECTOR('',#2182,1.);
#309=VECTOR('',#2183,1.);
#310=VECTOR('',#2184,1.);
#311=VECTOR('',#2185,1.);
#312=VECTOR('',#2186,1.);
#313=VECTOR('',#2187,1.);
#314=VECTOR('',#2190,1.);
#315=VECTOR('',#2195,1.);
#316=VECTOR('',#2198,1.);
#317=VECTOR('',#2199,1.);
#318=VECTOR('',#2200,1.);
#319=VECTOR('',#2201,1.);
#320=VECTOR('',#2206,1.);
#321=VECTOR('',#2211,1.);
#322=VECTOR('',#2212,1.);
#323=VECTOR('',#2213,1.);
#324=VECTOR('',#2218,1.);
#325=VECTOR('',#2223,1.);
#326=VECTOR('',#2224,1.);
#327=VECTOR('',#2225,1.);
#328=VECTOR('',#2226,1.);
#329=VECTOR('',#2227,1.);
#330=VECTOR('',#2228,1.);
#331=VECTOR('',#2229,1.);
#332=VECTOR('',#2230,1.);
#333=VECTOR('',#2241,1.);
#334=VECTOR('',#2246,1.);
#335=VECTOR('',#2247,1.);
#336=VECTOR('',#2248,1.);
#337=VECTOR('',#2249,1.);
#338=VECTOR('',#2250,1.);
#339=VECTOR('',#2251,1.);
#340=VECTOR('',#2252,1.);
#341=VECTOR('',#2257,1.);
#342=VECTOR('',#2262,1.);
#343=VECTOR('',#2263,1.);
#344=VECTOR('',#2264,1.);
#345=VECTOR('',#2269,1.);
#346=VECTOR('',#2270,1.);
#347=VECTOR('',#2271,1.);
#348=VECTOR('',#2272,1.);
#349=VECTOR('',#2273,1.);
#350=VECTOR('',#2274,1.);
#351=VECTOR('',#2277,1.);
#352=VECTOR('',#2290,1.);
#353=VECTOR('',#2293,1.);
#354=VECTOR('',#2294,1.);
#355=VECTOR('',#2295,1.);
#356=VECTOR('',#2298,1.);
#357=VECTOR('',#2301,1.);
#358=VECTOR('',#2302,1.);
#359=VECTOR('',#2303,1.);
#360=VECTOR('',#2304,1.);
#361=VECTOR('',#2307,1.);
#362=VECTOR('',#2308,1.);
#363=VECTOR('',#2311,1.);
#364=VECTOR('',#2312,1.);
#365=VECTOR('',#2313,1.);
#366=VECTOR('',#2314,1.);
#367=VECTOR('',#2315,1.);
#368=VECTOR('',#2316,1.);
#369=VECTOR('',#2317,1.);
#370=VECTOR('',#2320,1.);
#371=VECTOR('',#2321,1.);
#372=VECTOR('',#2366,1.);
#373=VECTOR('',#2367,1.);
#374=VECTOR('',#2372,1.);
#375=VECTOR('',#2373,1.);
#376=VECTOR('',#2376,1.);
#377=VECTOR('',#2379,1.);
#378=VECTOR('',#2388,1.);
#379=VECTOR('',#2389,1.);
#380=VECTOR('',#2436,1.);
#381=VECTOR('',#2437,1.);
#382=VECTOR('',#2438,1.);
#383=VECTOR('',#2439,1.);
#384=VECTOR('',#2442,1.);
#385=VECTOR('',#2443,1.);
#386=VECTOR('',#2444,1.);
#387=VECTOR('',#2447,1.);
#388=VECTOR('',#2448,1.);
#389=VECTOR('',#2449,1.);
#390=VECTOR('',#2452,1.);
#391=VECTOR('',#2453,1.);
#392=VECTOR('',#2454,1.);
#393=VECTOR('',#2457,1.);
#394=VECTOR('',#2458,1.);
#395=VECTOR('',#2459,1.);
#396=VECTOR('',#2462,1.);
#397=VECTOR('',#2463,1.);
#398=VECTOR('',#2464,1.);
#399=VECTOR('',#2467,1.);
#400=VECTOR('',#2468,1.);
#401=VECTOR('',#2469,1.);
#402=VECTOR('',#2472,1.);
#403=VECTOR('',#2473,1.);
#404=VECTOR('',#2474,1.);
#405=VECTOR('',#2477,1.);
#406=VECTOR('',#2478,1.);
#407=VECTOR('',#2479,1.);
#408=VECTOR('',#2482,1.);
#409=VECTOR('',#2483,1.);
#410=VECTOR('',#2484,1.);
#411=VECTOR('',#2487,1.);
#412=VECTOR('',#2488,1.);
#413=VECTOR('',#2489,1.);
#414=VECTOR('',#2492,1.);
#415=VECTOR('',#2493,1.);
#416=VECTOR('',#2500,1.);
#417=VECTOR('',#2503,1.);
#418=VECTOR('',#2506,1.);
#419=VECTOR('',#2509,1.);
#420=VECTOR('',#2514,1.);
#421=VECTOR('',#2515,1.);
#422=VECTOR('',#2518,1.);
#423=VECTOR('',#2523,1.);
#424=VECTOR('',#2524,1.);
#425=VECTOR('',#2527,1.);
#426=VECTOR('',#2530,1.);
#427=VECTOR('',#2533,1.);
#428=ORIENTED_EDGE('',*,*,#940,.F.);
#429=ORIENTED_EDGE('',*,*,#941,.F.);
#430=ORIENTED_EDGE('',*,*,#942,.T.);
#431=ORIENTED_EDGE('',*,*,#943,.T.);
#432=ORIENTED_EDGE('',*,*,#944,.F.);
#433=ORIENTED_EDGE('',*,*,#945,.F.);
#434=ORIENTED_EDGE('',*,*,#946,.T.);
#435=ORIENTED_EDGE('',*,*,#941,.T.);
#436=ORIENTED_EDGE('',*,*,#947,.F.);
#437=ORIENTED_EDGE('',*,*,#948,.F.);
#438=ORIENTED_EDGE('',*,*,#949,.T.);
#439=ORIENTED_EDGE('',*,*,#945,.T.);
#440=ORIENTED_EDGE('',*,*,#950,.F.);
#441=ORIENTED_EDGE('',*,*,#951,.F.);
#442=ORIENTED_EDGE('',*,*,#952,.T.);
#443=ORIENTED_EDGE('',*,*,#948,.T.);
#444=ORIENTED_EDGE('',*,*,#953,.F.);
#445=ORIENTED_EDGE('',*,*,#954,.F.);
#446=ORIENTED_EDGE('',*,*,#955,.T.);
#447=ORIENTED_EDGE('',*,*,#951,.T.);
#448=ORIENTED_EDGE('',*,*,#956,.F.);
#449=ORIENTED_EDGE('',*,*,#957,.F.);
#450=ORIENTED_EDGE('',*,*,#958,.T.);
#451=ORIENTED_EDGE('',*,*,#954,.T.);
#452=ORIENTED_EDGE('',*,*,#959,.F.);
#453=ORIENTED_EDGE('',*,*,#960,.F.);
#454=ORIENTED_EDGE('',*,*,#961,.T.);
#455=ORIENTED_EDGE('',*,*,#957,.T.);
#456=ORIENTED_EDGE('',*,*,#962,.T.);
#457=ORIENTED_EDGE('',*,*,#963,.F.);
#458=ORIENTED_EDGE('',*,*,#964,.T.);
#459=ORIENTED_EDGE('',*,*,#965,.F.);
#460=ORIENTED_EDGE('',*,*,#966,.T.);
#461=ORIENTED_EDGE('',*,*,#967,.F.);
#462=ORIENTED_EDGE('',*,*,#968,.F.);
#463=ORIENTED_EDGE('',*,*,#943,.F.);
#464=ORIENTED_EDGE('',*,*,#969,.T.);
#465=ORIENTED_EDGE('',*,*,#960,.T.);
#466=ORIENTED_EDGE('',*,*,#970,.T.);
#467=ORIENTED_EDGE('',*,*,#971,.F.);
#468=ORIENTED_EDGE('',*,*,#942,.F.);
#469=ORIENTED_EDGE('',*,*,#946,.F.);
#470=ORIENTED_EDGE('',*,*,#949,.F.);
#471=ORIENTED_EDGE('',*,*,#952,.F.);
#472=ORIENTED_EDGE('',*,*,#955,.F.);
#473=ORIENTED_EDGE('',*,*,#958,.F.);
#474=ORIENTED_EDGE('',*,*,#961,.F.);
#475=ORIENTED_EDGE('',*,*,#969,.F.);
#476=ORIENTED_EDGE('',*,*,#966,.F.);
#477=ORIENTED_EDGE('',*,*,#964,.F.);
#478=ORIENTED_EDGE('',*,*,#962,.F.);
#479=ORIENTED_EDGE('',*,*,#970,.F.);
#480=ORIENTED_EDGE('',*,*,#940,.T.);
#481=ORIENTED_EDGE('',*,*,#968,.T.);
#482=ORIENTED_EDGE('',*,*,#959,.T.);
#483=ORIENTED_EDGE('',*,*,#956,.T.);
#484=ORIENTED_EDGE('',*,*,#953,.T.);
#485=ORIENTED_EDGE('',*,*,#950,.T.);
#486=ORIENTED_EDGE('',*,*,#947,.T.);
#487=ORIENTED_EDGE('',*,*,#944,.T.);
#488=ORIENTED_EDGE('',*,*,#967,.T.);
#489=ORIENTED_EDGE('',*,*,#965,.T.);
#490=ORIENTED_EDGE('',*,*,#963,.T.);
#491=ORIENTED_EDGE('',*,*,#971,.T.);
#492=ORIENTED_EDGE('',*,*,#972,.T.);
#493=ORIENTED_EDGE('',*,*,#973,.T.);
#494=ORIENTED_EDGE('',*,*,#974,.T.);
#495=ORIENTED_EDGE('',*,*,#975,.F.);
#496=ORIENTED_EDGE('',*,*,#976,.T.);
#497=ORIENTED_EDGE('',*,*,#977,.T.);
#498=ORIENTED_EDGE('',*,*,#978,.T.);
#499=ORIENTED_EDGE('',*,*,#979,.F.);
#500=ORIENTED_EDGE('',*,*,#980,.T.);
#501=ORIENTED_EDGE('',*,*,#981,.T.);
#502=ORIENTED_EDGE('',*,*,#982,.T.);
#503=ORIENTED_EDGE('',*,*,#983,.F.);
#504=ORIENTED_EDGE('',*,*,#984,.F.);
#505=ORIENTED_EDGE('',*,*,#985,.T.);
#506=ORIENTED_EDGE('',*,*,#986,.T.);
#507=ORIENTED_EDGE('',*,*,#987,.T.);
#508=ORIENTED_EDGE('',*,*,#988,.F.);
#509=ORIENTED_EDGE('',*,*,#989,.T.);
#510=ORIENTED_EDGE('',*,*,#990,.T.);
#511=ORIENTED_EDGE('',*,*,#991,.T.);
#512=ORIENTED_EDGE('',*,*,#992,.F.);
#513=ORIENTED_EDGE('',*,*,#993,.T.);
#514=ORIENTED_EDGE('',*,*,#994,.T.);
#515=ORIENTED_EDGE('',*,*,#995,.T.);
#516=ORIENTED_EDGE('',*,*,#996,.F.);
#517=ORIENTED_EDGE('',*,*,#997,.T.);
#518=ORIENTED_EDGE('',*,*,#998,.F.);
#519=ORIENTED_EDGE('',*,*,#999,.T.);
#520=ORIENTED_EDGE('',*,*,#1000,.F.);
#521=ORIENTED_EDGE('',*,*,#1001,.F.);
#522=ORIENTED_EDGE('',*,*,#1002,.T.);
#523=ORIENTED_EDGE('',*,*,#1003,.T.);
#524=ORIENTED_EDGE('',*,*,#1004,.T.);
#525=ORIENTED_EDGE('',*,*,#1005,.T.);
#526=ORIENTED_EDGE('',*,*,#1006,.T.);
#527=ORIENTED_EDGE('',*,*,#1007,.T.);
#528=ORIENTED_EDGE('',*,*,#1008,.F.);
#529=ORIENTED_EDGE('',*,*,#1009,.F.);
#530=ORIENTED_EDGE('',*,*,#1010,.T.);
#531=ORIENTED_EDGE('',*,*,#1011,.F.);
#532=ORIENTED_EDGE('',*,*,#1012,.T.);
#533=ORIENTED_EDGE('',*,*,#1013,.F.);
#534=ORIENTED_EDGE('',*,*,#1014,.F.);
#535=ORIENTED_EDGE('',*,*,#1015,.T.);
#536=ORIENTED_EDGE('',*,*,#1016,.T.);
#537=ORIENTED_EDGE('',*,*,#1017,.F.);
#538=ORIENTED_EDGE('',*,*,#1018,.F.);
#539=ORIENTED_EDGE('',*,*,#972,.F.);
#540=ORIENTED_EDGE('',*,*,#1019,.T.);
#541=ORIENTED_EDGE('',*,*,#985,.F.);
#542=ORIENTED_EDGE('',*,*,#1020,.F.);
#543=ORIENTED_EDGE('',*,*,#976,.F.);
#544=ORIENTED_EDGE('',*,*,#1021,.T.);
#545=ORIENTED_EDGE('',*,*,#989,.F.);
#546=ORIENTED_EDGE('',*,*,#1022,.F.);
#547=ORIENTED_EDGE('',*,*,#980,.F.);
#548=ORIENTED_EDGE('',*,*,#1023,.T.);
#549=ORIENTED_EDGE('',*,*,#993,.F.);
#550=ORIENTED_EDGE('',*,*,#1024,.F.);
#551=ORIENTED_EDGE('',*,*,#1025,.F.);
#552=ORIENTED_EDGE('',*,*,#1026,.F.);
#553=ORIENTED_EDGE('',*,*,#1027,.F.);
#554=ORIENTED_EDGE('',*,*,#1028,.F.);
#555=ORIENTED_EDGE('',*,*,#997,.F.);
#556=ORIENTED_EDGE('',*,*,#1029,.F.);
#557=ORIENTED_EDGE('',*,*,#1030,.T.);
#558=ORIENTED_EDGE('',*,*,#1031,.F.);
#559=ORIENTED_EDGE('',*,*,#1032,.F.);
#560=ORIENTED_EDGE('',*,*,#1016,.F.);
#561=ORIENTED_EDGE('',*,*,#1033,.T.);
#562=ORIENTED_EDGE('',*,*,#1034,.T.);
#563=ORIENTED_EDGE('',*,*,#1035,.F.);
#564=ORIENTED_EDGE('',*,*,#1034,.F.);
#565=ORIENTED_EDGE('',*,*,#1036,.T.);
#566=ORIENTED_EDGE('',*,*,#1037,.T.);
#567=ORIENTED_EDGE('',*,*,#1038,.F.);
#568=ORIENTED_EDGE('',*,*,#1037,.F.);
#569=ORIENTED_EDGE('',*,*,#1039,.T.);
#570=ORIENTED_EDGE('',*,*,#1040,.T.);
#571=ORIENTED_EDGE('',*,*,#1041,.F.);
#572=ORIENTED_EDGE('',*,*,#1040,.F.);
#573=ORIENTED_EDGE('',*,*,#1042,.T.);
#574=ORIENTED_EDGE('',*,*,#1043,.T.);
#575=ORIENTED_EDGE('',*,*,#1044,.F.);
#576=ORIENTED_EDGE('',*,*,#1045,.T.);
#577=ORIENTED_EDGE('',*,*,#1046,.T.);
#578=ORIENTED_EDGE('',*,*,#1047,.T.);
#579=ORIENTED_EDGE('',*,*,#1048,.T.);
#580=ORIENTED_EDGE('',*,*,#1049,.T.);
#581=ORIENTED_EDGE('',*,*,#1050,.T.);
#582=ORIENTED_EDGE('',*,*,#1051,.F.);
#583=ORIENTED_EDGE('',*,*,#1052,.F.);
#584=ORIENTED_EDGE('',*,*,#1053,.F.);
#585=ORIENTED_EDGE('',*,*,#1008,.T.);
#586=ORIENTED_EDGE('',*,*,#1054,.T.);
#587=ORIENTED_EDGE('',*,*,#1045,.F.);
#588=ORIENTED_EDGE('',*,*,#1055,.F.);
#589=ORIENTED_EDGE('',*,*,#1056,.T.);
#590=ORIENTED_EDGE('',*,*,#1057,.T.);
#591=ORIENTED_EDGE('',*,*,#1002,.F.);
#592=ORIENTED_EDGE('',*,*,#1058,.T.);
#593=ORIENTED_EDGE('',*,*,#1059,.T.);
#594=ORIENTED_EDGE('',*,*,#1060,.T.);
#595=ORIENTED_EDGE('',*,*,#1056,.F.);
#596=ORIENTED_EDGE('',*,*,#1061,.F.);
#597=ORIENTED_EDGE('',*,*,#1062,.T.);
#598=ORIENTED_EDGE('',*,*,#1063,.T.);
#599=ORIENTED_EDGE('',*,*,#1064,.T.);
#600=ORIENTED_EDGE('',*,*,#1065,.F.);
#601=ORIENTED_EDGE('',*,*,#1066,.T.);
#602=ORIENTED_EDGE('',*,*,#1067,.T.);
#603=ORIENTED_EDGE('',*,*,#1062,.F.);
#604=ORIENTED_EDGE('',*,*,#1068,.F.);
#605=ORIENTED_EDGE('',*,*,#1069,.T.);
#606=ORIENTED_EDGE('',*,*,#1014,.T.);
#607=ORIENTED_EDGE('',*,*,#1070,.F.);
#608=ORIENTED_EDGE('',*,*,#1071,.F.);
#609=ORIENTED_EDGE('',*,*,#1072,.T.);
#610=ORIENTED_EDGE('',*,*,#1073,.T.);
#611=ORIENTED_EDGE('',*,*,#1074,.T.);
#612=ORIENTED_EDGE('',*,*,#1075,.F.);
#613=ORIENTED_EDGE('',*,*,#1043,.F.);
#614=ORIENTED_EDGE('',*,*,#1076,.T.);
#615=ORIENTED_EDGE('',*,*,#1077,.F.);
#616=ORIENTED_EDGE('',*,*,#1078,.F.);
#617=ORIENTED_EDGE('',*,*,#1079,.T.);
#618=ORIENTED_EDGE('',*,*,#1074,.F.);
#619=ORIENTED_EDGE('',*,*,#1080,.T.);
#620=ORIENTED_EDGE('',*,*,#1068,.T.);
#621=ORIENTED_EDGE('',*,*,#1081,.F.);
#622=ORIENTED_EDGE('',*,*,#1082,.F.);
#623=ORIENTED_EDGE('',*,*,#1051,.T.);
#624=ORIENTED_EDGE('',*,*,#1083,.T.);
#625=ORIENTED_EDGE('',*,*,#1084,.F.);
#626=ORIENTED_EDGE('',*,*,#974,.F.);
#627=ORIENTED_EDGE('',*,*,#1085,.T.);
#628=ORIENTED_EDGE('',*,*,#987,.F.);
#629=ORIENTED_EDGE('',*,*,#1086,.F.);
#630=ORIENTED_EDGE('',*,*,#1087,.F.);
#631=ORIENTED_EDGE('',*,*,#1088,.F.);
#632=ORIENTED_EDGE('',*,*,#1089,.F.);
#633=ORIENTED_EDGE('',*,*,#1090,.F.);
#634=ORIENTED_EDGE('',*,*,#1091,.F.);
#635=ORIENTED_EDGE('',*,*,#978,.F.);
#636=ORIENTED_EDGE('',*,*,#1092,.T.);
#637=ORIENTED_EDGE('',*,*,#991,.F.);
#638=ORIENTED_EDGE('',*,*,#1093,.F.);
#639=ORIENTED_EDGE('',*,*,#982,.F.);
#640=ORIENTED_EDGE('',*,*,#1094,.T.);
#641=ORIENTED_EDGE('',*,*,#995,.F.);
#642=ORIENTED_EDGE('',*,*,#1095,.F.);
#643=ORIENTED_EDGE('',*,*,#1096,.F.);
#644=ORIENTED_EDGE('',*,*,#1097,.T.);
#645=ORIENTED_EDGE('',*,*,#999,.F.);
#646=ORIENTED_EDGE('',*,*,#1098,.F.);
#647=ORIENTED_EDGE('',*,*,#1099,.F.);
#648=ORIENTED_EDGE('',*,*,#1100,.T.);
#649=ORIENTED_EDGE('',*,*,#1101,.T.);
#650=ORIENTED_EDGE('',*,*,#1102,.T.);
#651=ORIENTED_EDGE('',*,*,#1066,.F.);
#652=ORIENTED_EDGE('',*,*,#1103,.F.);
#653=ORIENTED_EDGE('',*,*,#1084,.T.);
#654=ORIENTED_EDGE('',*,*,#1104,.T.);
#655=ORIENTED_EDGE('',*,*,#1105,.T.);
#656=ORIENTED_EDGE('',*,*,#1106,.F.);
#657=ORIENTED_EDGE('',*,*,#1009,.T.);
#658=ORIENTED_EDGE('',*,*,#1053,.T.);
#659=ORIENTED_EDGE('',*,*,#1052,.T.);
#660=ORIENTED_EDGE('',*,*,#1082,.T.);
#661=ORIENTED_EDGE('',*,*,#1103,.T.);
#662=ORIENTED_EDGE('',*,*,#1065,.T.);
#663=ORIENTED_EDGE('',*,*,#1061,.T.);
#664=ORIENTED_EDGE('',*,*,#1055,.T.);
#665=ORIENTED_EDGE('',*,*,#1001,.T.);
#666=ORIENTED_EDGE('',*,*,#1107,.T.);
#667=ORIENTED_EDGE('',*,*,#1076,.F.);
#668=ORIENTED_EDGE('',*,*,#1042,.F.);
#669=ORIENTED_EDGE('',*,*,#1039,.F.);
#670=ORIENTED_EDGE('',*,*,#1036,.F.);
#671=ORIENTED_EDGE('',*,*,#1033,.F.);
#672=ORIENTED_EDGE('',*,*,#1015,.F.);
#673=ORIENTED_EDGE('',*,*,#1069,.F.);
#674=ORIENTED_EDGE('',*,*,#1080,.F.);
#675=ORIENTED_EDGE('',*,*,#1073,.F.);
#676=ORIENTED_EDGE('',*,*,#1108,.T.);
#677=ORIENTED_EDGE('',*,*,#1083,.F.);
#678=ORIENTED_EDGE('',*,*,#1050,.F.);
#679=ORIENTED_EDGE('',*,*,#1109,.T.);
#680=ORIENTED_EDGE('',*,*,#1110,.F.);
#681=ORIENTED_EDGE('',*,*,#1111,.T.);
#682=ORIENTED_EDGE('',*,*,#1104,.F.);
#683=ORIENTED_EDGE('',*,*,#1112,.T.);
#684=ORIENTED_EDGE('',*,*,#1054,.F.);
#685=ORIENTED_EDGE('',*,*,#1007,.F.);
#686=ORIENTED_EDGE('',*,*,#1113,.T.);
#687=ORIENTED_EDGE('',*,*,#1114,.T.);
#688=ORIENTED_EDGE('',*,*,#1115,.T.);
#689=ORIENTED_EDGE('',*,*,#1046,.F.);
#690=ORIENTED_EDGE('',*,*,#1116,.T.);
#691=ORIENTED_EDGE('',*,*,#1057,.F.);
#692=ORIENTED_EDGE('',*,*,#1060,.F.);
#693=ORIENTED_EDGE('',*,*,#1117,.T.);
#694=ORIENTED_EDGE('',*,*,#1118,.F.);
#695=ORIENTED_EDGE('',*,*,#1119,.T.);
#696=ORIENTED_EDGE('',*,*,#1003,.F.);
#697=ORIENTED_EDGE('',*,*,#1120,.T.);
#698=ORIENTED_EDGE('',*,*,#1067,.F.);
#699=ORIENTED_EDGE('',*,*,#1102,.F.);
#700=ORIENTED_EDGE('',*,*,#1121,.T.);
#701=ORIENTED_EDGE('',*,*,#1122,.T.);
#702=ORIENTED_EDGE('',*,*,#1123,.T.);
#703=ORIENTED_EDGE('',*,*,#1063,.F.);
#704=ORIENTED_EDGE('',*,*,#1124,.F.);
#705=ORIENTED_EDGE('',*,*,#1125,.T.);
#706=ORIENTED_EDGE('',*,*,#1110,.T.);
#707=ORIENTED_EDGE('',*,*,#1126,.T.);
#708=ORIENTED_EDGE('',*,*,#1127,.T.);
#709=ORIENTED_EDGE('',*,*,#1128,.T.);
#710=ORIENTED_EDGE('',*,*,#1114,.F.);
#711=ORIENTED_EDGE('',*,*,#1129,.T.);
#712=ORIENTED_EDGE('',*,*,#1118,.T.);
#713=ORIENTED_EDGE('',*,*,#1130,.T.);
#714=ORIENTED_EDGE('',*,*,#1131,.F.);
#715=ORIENTED_EDGE('',*,*,#1132,.T.);
#716=ORIENTED_EDGE('',*,*,#1108,.F.);
#717=ORIENTED_EDGE('',*,*,#1133,.T.);
#718=ORIENTED_EDGE('',*,*,#1134,.T.);
#719=ORIENTED_EDGE('',*,*,#1135,.T.);
#720=ORIENTED_EDGE('',*,*,#1122,.F.);
#721=ORIENTED_EDGE('',*,*,#1136,.T.);
#722=ORIENTED_EDGE('',*,*,#1120,.F.);
#723=ORIENTED_EDGE('',*,*,#1137,.T.);
#724=ORIENTED_EDGE('',*,*,#1116,.F.);
#725=ORIENTED_EDGE('',*,*,#1138,.T.);
#726=ORIENTED_EDGE('',*,*,#1112,.F.);
#727=ORIENTED_EDGE('',*,*,#1139,.T.);
#728=ORIENTED_EDGE('',*,*,#1140,.F.);
#729=ORIENTED_EDGE('',*,*,#1130,.F.);
#730=ORIENTED_EDGE('',*,*,#1117,.F.);
#731=ORIENTED_EDGE('',*,*,#1059,.F.);
#732=ORIENTED_EDGE('',*,*,#1141,.F.);
#733=ORIENTED_EDGE('',*,*,#1004,.F.);
#734=ORIENTED_EDGE('',*,*,#1119,.F.);
#735=ORIENTED_EDGE('',*,*,#1132,.F.);
#736=ORIENTED_EDGE('',*,*,#1142,.F.);
#737=ORIENTED_EDGE('',*,*,#1064,.F.);
#738=ORIENTED_EDGE('',*,*,#1123,.F.);
#739=ORIENTED_EDGE('',*,*,#1135,.F.);
#740=ORIENTED_EDGE('',*,*,#1143,.F.);
#741=ORIENTED_EDGE('',*,*,#1136,.F.);
#742=ORIENTED_EDGE('',*,*,#1121,.F.);
#743=ORIENTED_EDGE('',*,*,#1101,.F.);
#744=ORIENTED_EDGE('',*,*,#1144,.F.);
#745=ORIENTED_EDGE('',*,*,#1047,.F.);
#746=ORIENTED_EDGE('',*,*,#1115,.F.);
#747=ORIENTED_EDGE('',*,*,#1128,.F.);
#748=ORIENTED_EDGE('',*,*,#1145,.F.);
#749=ORIENTED_EDGE('',*,*,#1129,.F.);
#750=ORIENTED_EDGE('',*,*,#1113,.F.);
#751=ORIENTED_EDGE('',*,*,#1006,.F.);
#752=ORIENTED_EDGE('',*,*,#1146,.F.);
#753=ORIENTED_EDGE('',*,*,#1105,.F.);
#754=ORIENTED_EDGE('',*,*,#1111,.F.);
#755=ORIENTED_EDGE('',*,*,#1125,.F.);
#756=ORIENTED_EDGE('',*,*,#1147,.F.);
#757=ORIENTED_EDGE('',*,*,#1126,.F.);
#758=ORIENTED_EDGE('',*,*,#1109,.F.);
#759=ORIENTED_EDGE('',*,*,#1049,.F.);
#760=ORIENTED_EDGE('',*,*,#1148,.F.);
#761=ORIENTED_EDGE('',*,*,#1149,.F.);
#762=ORIENTED_EDGE('',*,*,#1150,.T.);
#763=ORIENTED_EDGE('',*,*,#1151,.T.);
#764=ORIENTED_EDGE('',*,*,#1152,.T.);
#765=ORIENTED_EDGE('',*,*,#1153,.F.);
#766=ORIENTED_EDGE('',*,*,#1154,.F.);
#767=ORIENTED_EDGE('',*,*,#1149,.T.);
#768=ORIENTED_EDGE('',*,*,#1155,.T.);
#769=ORIENTED_EDGE('',*,*,#1156,.F.);
#770=ORIENTED_EDGE('',*,*,#1157,.F.);
#771=ORIENTED_EDGE('',*,*,#1153,.T.);
#772=ORIENTED_EDGE('',*,*,#1158,.T.);
#773=ORIENTED_EDGE('',*,*,#1159,.F.);
#774=ORIENTED_EDGE('',*,*,#1160,.F.);
#775=ORIENTED_EDGE('',*,*,#1156,.T.);
#776=ORIENTED_EDGE('',*,*,#1161,.T.);
#777=ORIENTED_EDGE('',*,*,#1162,.F.);
#778=ORIENTED_EDGE('',*,*,#1163,.F.);
#779=ORIENTED_EDGE('',*,*,#1159,.T.);
#780=ORIENTED_EDGE('',*,*,#1164,.T.);
#781=ORIENTED_EDGE('',*,*,#1165,.F.);
#782=ORIENTED_EDGE('',*,*,#1166,.F.);
#783=ORIENTED_EDGE('',*,*,#1162,.T.);
#784=ORIENTED_EDGE('',*,*,#1167,.T.);
#785=ORIENTED_EDGE('',*,*,#1168,.F.);
#786=ORIENTED_EDGE('',*,*,#1169,.F.);
#787=ORIENTED_EDGE('',*,*,#1165,.T.);
#788=ORIENTED_EDGE('',*,*,#1170,.F.);
#789=ORIENTED_EDGE('',*,*,#1171,.F.);
#790=ORIENTED_EDGE('',*,*,#1172,.T.);
#791=ORIENTED_EDGE('',*,*,#1168,.T.);
#792=ORIENTED_EDGE('',*,*,#1173,.F.);
#793=ORIENTED_EDGE('',*,*,#1174,.F.);
#794=ORIENTED_EDGE('',*,*,#1175,.T.);
#795=ORIENTED_EDGE('',*,*,#1171,.T.);
#796=ORIENTED_EDGE('',*,*,#1176,.T.);
#797=ORIENTED_EDGE('',*,*,#1177,.F.);
#798=ORIENTED_EDGE('',*,*,#1178,.F.);
#799=ORIENTED_EDGE('',*,*,#1174,.T.);
#800=ORIENTED_EDGE('',*,*,#1179,.F.);
#801=ORIENTED_EDGE('',*,*,#1180,.F.);
#802=ORIENTED_EDGE('',*,*,#1181,.T.);
#803=ORIENTED_EDGE('',*,*,#1177,.T.);
#804=ORIENTED_EDGE('',*,*,#1182,.F.);
#805=ORIENTED_EDGE('',*,*,#1151,.F.);
#806=ORIENTED_EDGE('',*,*,#1183,.T.);
#807=ORIENTED_EDGE('',*,*,#1180,.T.);
#808=ORIENTED_EDGE('',*,*,#1150,.F.);
#809=ORIENTED_EDGE('',*,*,#1154,.T.);
#810=ORIENTED_EDGE('',*,*,#1157,.T.);
#811=ORIENTED_EDGE('',*,*,#1160,.T.);
#812=ORIENTED_EDGE('',*,*,#1163,.T.);
#813=ORIENTED_EDGE('',*,*,#1166,.T.);
#814=ORIENTED_EDGE('',*,*,#1169,.T.);
#815=ORIENTED_EDGE('',*,*,#1172,.F.);
#816=ORIENTED_EDGE('',*,*,#1175,.F.);
#817=ORIENTED_EDGE('',*,*,#1178,.T.);
#818=ORIENTED_EDGE('',*,*,#1181,.F.);
#819=ORIENTED_EDGE('',*,*,#1183,.F.);
#820=ORIENTED_EDGE('',*,*,#1139,.F.);
#821=ORIENTED_EDGE('',*,*,#1138,.F.);
#822=ORIENTED_EDGE('',*,*,#1137,.F.);
#823=ORIENTED_EDGE('',*,*,#1133,.F.);
#824=ORIENTED_EDGE('',*,*,#1075,.T.);
#825=ORIENTED_EDGE('',*,*,#1081,.T.);
#826=ORIENTED_EDGE('',*,*,#1070,.T.);
#827=ORIENTED_EDGE('',*,*,#1017,.T.);
#828=ORIENTED_EDGE('',*,*,#1035,.T.);
#829=ORIENTED_EDGE('',*,*,#1038,.T.);
#830=ORIENTED_EDGE('',*,*,#1041,.T.);
#831=ORIENTED_EDGE('',*,*,#1044,.T.);
#832=ORIENTED_EDGE('',*,*,#1100,.F.);
#833=ORIENTED_EDGE('',*,*,#1146,.T.);
#834=ORIENTED_EDGE('',*,*,#1124,.T.);
#835=ORIENTED_EDGE('',*,*,#1147,.T.);
#836=ORIENTED_EDGE('',*,*,#1048,.F.);
#837=ORIENTED_EDGE('',*,*,#1144,.T.);
#838=ORIENTED_EDGE('',*,*,#1127,.F.);
#839=ORIENTED_EDGE('',*,*,#1145,.T.);
#840=ORIENTED_EDGE('',*,*,#1005,.F.);
#841=ORIENTED_EDGE('',*,*,#1141,.T.);
#842=ORIENTED_EDGE('',*,*,#1131,.T.);
#843=ORIENTED_EDGE('',*,*,#1140,.T.);
#844=ORIENTED_EDGE('',*,*,#1058,.F.);
#845=ORIENTED_EDGE('',*,*,#1142,.T.);
#846=ORIENTED_EDGE('',*,*,#1134,.F.);
#847=ORIENTED_EDGE('',*,*,#1143,.T.);
#848=ORIENTED_EDGE('',*,*,#1148,.T.);
#849=ORIENTED_EDGE('',*,*,#1182,.T.);
#850=ORIENTED_EDGE('',*,*,#1179,.T.);
#851=ORIENTED_EDGE('',*,*,#1176,.F.);
#852=ORIENTED_EDGE('',*,*,#1173,.T.);
#853=ORIENTED_EDGE('',*,*,#1170,.T.);
#854=ORIENTED_EDGE('',*,*,#1167,.F.);
#855=ORIENTED_EDGE('',*,*,#1164,.F.);
#856=ORIENTED_EDGE('',*,*,#1161,.F.);
#857=ORIENTED_EDGE('',*,*,#1158,.F.);
#858=ORIENTED_EDGE('',*,*,#1155,.F.);
#859=ORIENTED_EDGE('',*,*,#1152,.F.);
#860=ORIENTED_EDGE('',*,*,#1106,.T.);
#861=ORIENTED_EDGE('',*,*,#1072,.F.);
#862=ORIENTED_EDGE('',*,*,#1184,.F.);
#863=ORIENTED_EDGE('',*,*,#1010,.F.);
#864=ORIENTED_EDGE('',*,*,#1011,.T.);
#865=ORIENTED_EDGE('',*,*,#1184,.T.);
#866=ORIENTED_EDGE('',*,*,#1071,.T.);
#867=ORIENTED_EDGE('',*,*,#1185,.F.);
#868=ORIENTED_EDGE('',*,*,#1000,.T.);
#869=ORIENTED_EDGE('',*,*,#1186,.T.);
#870=ORIENTED_EDGE('',*,*,#1077,.T.);
#871=ORIENTED_EDGE('',*,*,#1107,.F.);
#872=ORIENTED_EDGE('',*,*,#1013,.T.);
#873=ORIENTED_EDGE('',*,*,#1187,.T.);
#874=ORIENTED_EDGE('',*,*,#1078,.T.);
#875=ORIENTED_EDGE('',*,*,#1186,.F.);
#876=ORIENTED_EDGE('',*,*,#1185,.T.);
#877=ORIENTED_EDGE('',*,*,#1079,.F.);
#878=ORIENTED_EDGE('',*,*,#1187,.F.);
#879=ORIENTED_EDGE('',*,*,#1012,.F.);
#880=ORIENTED_EDGE('',*,*,#1095,.T.);
#881=ORIENTED_EDGE('',*,*,#1188,.T.);
#882=ORIENTED_EDGE('',*,*,#1026,.T.);
#883=ORIENTED_EDGE('',*,*,#1189,.F.);
#884=ORIENTED_EDGE('',*,*,#1099,.T.);
#885=ORIENTED_EDGE('',*,*,#1190,.T.);
#886=ORIENTED_EDGE('',*,*,#1027,.T.);
#887=ORIENTED_EDGE('',*,*,#1188,.F.);
#888=ORIENTED_EDGE('',*,*,#1098,.T.);
#889=ORIENTED_EDGE('',*,*,#998,.T.);
#890=ORIENTED_EDGE('',*,*,#1028,.T.);
#891=ORIENTED_EDGE('',*,*,#1190,.F.);
#892=ORIENTED_EDGE('',*,*,#1090,.T.);
#893=ORIENTED_EDGE('',*,*,#1191,.T.);
#894=ORIENTED_EDGE('',*,*,#1031,.T.);
#895=ORIENTED_EDGE('',*,*,#1192,.F.);
#896=ORIENTED_EDGE('',*,*,#1089,.T.);
#897=ORIENTED_EDGE('',*,*,#1193,.T.);
#898=ORIENTED_EDGE('',*,*,#1032,.T.);
#899=ORIENTED_EDGE('',*,*,#1191,.F.);
#900=ORIENTED_EDGE('',*,*,#1088,.T.);
#901=ORIENTED_EDGE('',*,*,#1194,.T.);
#902=ORIENTED_EDGE('',*,*,#1029,.T.);
#903=ORIENTED_EDGE('',*,*,#1193,.F.);
#904=ORIENTED_EDGE('',*,*,#1025,.T.);
#905=ORIENTED_EDGE('',*,*,#1195,.T.);
#906=ORIENTED_EDGE('',*,*,#1096,.T.);
#907=ORIENTED_EDGE('',*,*,#1189,.T.);
#908=ORIENTED_EDGE('',*,*,#1195,.F.);
#909=ORIENTED_EDGE('',*,*,#1024,.T.);
#910=ORIENTED_EDGE('',*,*,#996,.T.);
#911=ORIENTED_EDGE('',*,*,#1097,.F.);
#912=ORIENTED_EDGE('',*,*,#1023,.F.);
#913=ORIENTED_EDGE('',*,*,#983,.T.);
#914=ORIENTED_EDGE('',*,*,#1093,.T.);
#915=ORIENTED_EDGE('',*,*,#994,.F.);
#916=ORIENTED_EDGE('',*,*,#981,.F.);
#917=ORIENTED_EDGE('',*,*,#1022,.T.);
#918=ORIENTED_EDGE('',*,*,#992,.T.);
#919=ORIENTED_EDGE('',*,*,#1094,.F.);
#920=ORIENTED_EDGE('',*,*,#1021,.F.);
#921=ORIENTED_EDGE('',*,*,#979,.T.);
#922=ORIENTED_EDGE('',*,*,#1091,.T.);
#923=ORIENTED_EDGE('',*,*,#990,.F.);
#924=ORIENTED_EDGE('',*,*,#977,.F.);
#925=ORIENTED_EDGE('',*,*,#1020,.T.);
#926=ORIENTED_EDGE('',*,*,#988,.T.);
#927=ORIENTED_EDGE('',*,*,#1092,.F.);
#928=ORIENTED_EDGE('',*,*,#1019,.F.);
#929=ORIENTED_EDGE('',*,*,#975,.T.);
#930=ORIENTED_EDGE('',*,*,#1086,.T.);
#931=ORIENTED_EDGE('',*,*,#986,.F.);
#932=ORIENTED_EDGE('',*,*,#973,.F.);
#933=ORIENTED_EDGE('',*,*,#1018,.T.);
#934=ORIENTED_EDGE('',*,*,#984,.T.);
#935=ORIENTED_EDGE('',*,*,#1085,.F.);
#936=ORIENTED_EDGE('',*,*,#1194,.F.);
#937=ORIENTED_EDGE('',*,*,#1087,.T.);
#938=ORIENTED_EDGE('',*,*,#1192,.T.);
#939=ORIENTED_EDGE('',*,*,#1030,.F.);
#940=EDGE_CURVE('',#1196,#1197,#1372,.F.);
#941=EDGE_CURVE('',#1198,#1196,#68,.T.);
#942=EDGE_CURVE('',#1198,#1199,#1373,.F.);
#943=EDGE_CURVE('',#1199,#1197,#69,.T.);
#944=EDGE_CURVE('',#1200,#1196,#70,.T.);
#945=EDGE_CURVE('',#1201,#1200,#71,.T.);
#946=EDGE_CURVE('',#1201,#1198,#72,.T.);
#947=EDGE_CURVE('',#1202,#1200,#1374,.F.);
#948=EDGE_CURVE('',#1203,#1202,#73,.T.);
#949=EDGE_CURVE('',#1203,#1201,#1375,.F.);
#950=EDGE_CURVE('',#1204,#1202,#74,.T.);
#951=EDGE_CURVE('',#1205,#1204,#75,.T.);
#952=EDGE_CURVE('',#1205,#1203,#76,.T.);
#953=EDGE_CURVE('',#1206,#1204,#1376,.F.);
#954=EDGE_CURVE('',#1207,#1206,#77,.T.);
#955=EDGE_CURVE('',#1207,#1205,#1377,.F.);
#956=EDGE_CURVE('',#1208,#1206,#78,.T.);
#957=EDGE_CURVE('',#1209,#1208,#79,.T.);
#958=EDGE_CURVE('',#1209,#1207,#80,.T.);
#959=EDGE_CURVE('',#1210,#1208,#1378,.F.);
#960=EDGE_CURVE('',#1211,#1210,#81,.T.);
#961=EDGE_CURVE('',#1211,#1209,#1379,.F.);
#962=EDGE_CURVE('',#1212,#1212,#1380,.T.);
#963=EDGE_CURVE('',#1213,#1213,#1381,.T.);
#964=EDGE_CURVE('',#1214,#1214,#1382,.T.);
#965=EDGE_CURVE('',#1215,#1215,#1383,.T.);
#966=EDGE_CURVE('',#1216,#1216,#1384,.T.);
#967=EDGE_CURVE('',#1217,#1217,#1385,.T.);
#968=EDGE_CURVE('',#1197,#1210,#82,.T.);
#969=EDGE_CURVE('',#1199,#1211,#83,.T.);
#970=EDGE_CURVE('',#1218,#1218,#1386,.T.);
#971=EDGE_CURVE('',#1219,#1219,#1387,.T.);
#972=EDGE_CURVE('',#1220,#1221,#84,.T.);
#973=EDGE_CURVE('',#1221,#1222,#85,.T.);
#974=EDGE_CURVE('',#1222,#1223,#86,.T.);
#975=EDGE_CURVE('',#1220,#1223,#87,.T.);
#976=EDGE_CURVE('',#1224,#1225,#88,.T.);
#977=EDGE_CURVE('',#1225,#1226,#89,.T.);
#978=EDGE_CURVE('',#1226,#1227,#90,.T.);
#979=EDGE_CURVE('',#1224,#1227,#91,.T.);
#980=EDGE_CURVE('',#1228,#1229,#92,.T.);
#981=EDGE_CURVE('',#1229,#1230,#93,.T.);
#982=EDGE_CURVE('',#1230,#1231,#94,.T.);
#983=EDGE_CURVE('',#1228,#1231,#95,.T.);
#984=EDGE_CURVE('',#1232,#1233,#96,.T.);
#985=EDGE_CURVE('',#1232,#1234,#97,.T.);
#986=EDGE_CURVE('',#1234,#1235,#98,.T.);
#987=EDGE_CURVE('',#1235,#1233,#99,.T.);
#988=EDGE_CURVE('',#1236,#1237,#100,.T.);
#989=EDGE_CURVE('',#1236,#1238,#101,.T.);
#990=EDGE_CURVE('',#1238,#1239,#102,.T.);
#991=EDGE_CURVE('',#1239,#1237,#103,.T.);
#992=EDGE_CURVE('',#1240,#1241,#104,.T.);
#993=EDGE_CURVE('',#1240,#1242,#105,.T.);
#994=EDGE_CURVE('',#1242,#1243,#106,.T.);
#995=EDGE_CURVE('',#1243,#1241,#107,.T.);
#996=EDGE_CURVE('',#1244,#1245,#108,.T.);
#997=EDGE_CURVE('',#1244,#1246,#109,.T.);
#998=EDGE_CURVE('',#1247,#1246,#110,.T.);
#999=EDGE_CURVE('',#1247,#1245,#111,.T.);
#1000=EDGE_CURVE('',#1248,#1249,#112,.T.);
#1001=EDGE_CURVE('',#1250,#1248,#113,.T.);
#1002=EDGE_CURVE('',#1250,#1251,#114,.T.);
#1003=EDGE_CURVE('',#1251,#1252,#115,.T.);
#1004=EDGE_CURVE('',#1252,#1253,#116,.T.);
#1005=EDGE_CURVE('',#1253,#1254,#117,.T.);
#1006=EDGE_CURVE('',#1254,#1255,#118,.T.);
#1007=EDGE_CURVE('',#1255,#1256,#119,.T.);
#1008=EDGE_CURVE('',#1257,#1256,#120,.T.);
#1009=EDGE_CURVE('',#1258,#1257,#121,.T.);
#1010=EDGE_CURVE('',#1258,#1259,#122,.T.);
#1011=EDGE_CURVE('',#1260,#1259,#1388,.F.);
#1012=EDGE_CURVE('',#1260,#1261,#123,.T.);
#1013=EDGE_CURVE('',#1249,#1261,#1389,.F.);
#1014=EDGE_CURVE('',#1262,#1263,#124,.T.);
#1015=EDGE_CURVE('',#1262,#1264,#1390,.F.);
#1016=EDGE_CURVE('',#1264,#1265,#125,.T.);
#1017=EDGE_CURVE('',#1263,#1265,#1391,.T.);
#1018=EDGE_CURVE('',#1221,#1232,#126,.T.);
#1019=EDGE_CURVE('',#1220,#1234,#127,.T.);
#1020=EDGE_CURVE('',#1225,#1236,#128,.T.);
#1021=EDGE_CURVE('',#1224,#1238,#129,.T.);
#1022=EDGE_CURVE('',#1229,#1240,#130,.T.);
#1023=EDGE_CURVE('',#1228,#1242,#131,.T.);
#1024=EDGE_CURVE('',#1266,#1244,#132,.T.);
#1025=EDGE_CURVE('',#1267,#1266,#133,.T.);
#1026=EDGE_CURVE('',#1268,#1267,#1392,.T.);
#1027=EDGE_CURVE('',#1269,#1268,#134,.T.);
#1028=EDGE_CURVE('',#1246,#1269,#1393,.T.);
#1029=EDGE_CURVE('',#1270,#1271,#1394,.T.);
#1030=EDGE_CURVE('',#1270,#1272,#135,.T.);
#1031=EDGE_CURVE('',#1273,#1272,#1395,.T.);
#1032=EDGE_CURVE('',#1271,#1273,#136,.T.);
#1033=EDGE_CURVE('',#1264,#1274,#137,.T.);
#1034=EDGE_CURVE('',#1274,#1275,#138,.T.);
#1035=EDGE_CURVE('',#1265,#1275,#139,.T.);
#1036=EDGE_CURVE('',#1274,#1276,#1396,.F.);
#1037=EDGE_CURVE('',#1276,#1277,#140,.T.);
#1038=EDGE_CURVE('',#1275,#1277,#1397,.T.);
#1039=EDGE_CURVE('',#1276,#1278,#141,.T.);
#1040=EDGE_CURVE('',#1278,#1279,#142,.T.);
#1041=EDGE_CURVE('',#1277,#1279,#143,.T.);
#1042=EDGE_CURVE('',#1278,#1280,#1398,.F.);
#1043=EDGE_CURVE('',#1280,#1281,#144,.T.);
#1044=EDGE_CURVE('',#1279,#1281,#1399,.T.);
#1045=EDGE_CURVE('',#1282,#1283,#145,.T.);
#1046=EDGE_CURVE('',#1283,#1284,#146,.T.);
#1047=EDGE_CURVE('',#1284,#1285,#147,.F.);
#1048=EDGE_CURVE('',#1285,#1286,#148,.T.);
#1049=EDGE_CURVE('',#1286,#1287,#149,.F.);
#1050=EDGE_CURVE('',#1287,#1288,#150,.T.);
#1051=EDGE_CURVE('',#1289,#1288,#151,.T.);
#1052=EDGE_CURVE('',#1282,#1289,#152,.T.);
#1053=EDGE_CURVE('',#1257,#1282,#1400,.F.);
#1054=EDGE_CURVE('',#1256,#1283,#1401,.T.);
#1055=EDGE_CURVE('',#1290,#1250,#1402,.F.);
#1056=EDGE_CURVE('',#1290,#1291,#153,.T.);
#1057=EDGE_CURVE('',#1291,#1251,#1403,.T.);
#1058=EDGE_CURVE('',#1292,#1293,#154,.T.);
#1059=EDGE_CURVE('',#1293,#1294,#155,.F.);
#1060=EDGE_CURVE('',#1294,#1291,#156,.T.);
#1061=EDGE_CURVE('',#1295,#1290,#157,.T.);
#1062=EDGE_CURVE('',#1295,#1296,#158,.T.);
#1063=EDGE_CURVE('',#1296,#1297,#159,.T.);
#1064=EDGE_CURVE('',#1297,#1292,#160,.F.);
#1065=EDGE_CURVE('',#1298,#1295,#1404,.F.);
#1066=EDGE_CURVE('',#1298,#1299,#161,.T.);
#1067=EDGE_CURVE('',#1299,#1296,#1405,.T.);
#1068=EDGE_CURVE('',#1300,#1301,#162,.T.);
#1069=EDGE_CURVE('',#1300,#1262,#163,.T.);
#1070=EDGE_CURVE('',#1301,#1263,#164,.T.);
#1071=EDGE_CURVE('',#1302,#1303,#1406,.T.);
#1072=EDGE_CURVE('',#1302,#1304,#165,.T.);
#1073=EDGE_CURVE('',#1304,#1305,#166,.T.);
#1074=EDGE_CURVE('',#1305,#1306,#167,.T.);
#1075=EDGE_CURVE('',#1281,#1306,#168,.T.);
#1076=EDGE_CURVE('',#1280,#1307,#169,.T.);
#1077=EDGE_CURVE('',#1308,#1307,#170,.T.);
#1078=EDGE_CURVE('',#1309,#1308,#1407,.T.);
#1079=EDGE_CURVE('',#1309,#1303,#171,.T.);
#1080=EDGE_CURVE('',#1305,#1300,#1408,.F.);
#1081=EDGE_CURVE('',#1306,#1301,#1409,.T.);
#1082=EDGE_CURVE('',#1289,#1310,#1410,.F.);
#1083=EDGE_CURVE('',#1288,#1311,#1411,.T.);
#1084=EDGE_CURVE('',#1310,#1311,#172,.T.);
#1085=EDGE_CURVE('',#1222,#1233,#173,.T.);
#1086=EDGE_CURVE('',#1223,#1235,#174,.T.);
#1087=EDGE_CURVE('',#1312,#1313,#175,.T.);
#1088=EDGE_CURVE('',#1314,#1312,#1412,.F.);
#1089=EDGE_CURVE('',#1315,#1314,#176,.T.);
#1090=EDGE_CURVE('',#1313,#1315,#1413,.F.);
#1091=EDGE_CURVE('',#1227,#1239,#177,.T.);
#1092=EDGE_CURVE('',#1226,#1237,#178,.T.);
#1093=EDGE_CURVE('',#1231,#1243,#179,.T.);
#1094=EDGE_CURVE('',#1230,#1241,#180,.T.);
#1095=EDGE_CURVE('',#1316,#1317,#1414,.F.);
#1096=EDGE_CURVE('',#1318,#1316,#181,.T.);
#1097=EDGE_CURVE('',#1318,#1245,#182,.T.);
#1098=EDGE_CURVE('',#1319,#1247,#1415,.F.);
#1099=EDGE_CURVE('',#1317,#1319,#183,.T.);
#1100=EDGE_CURVE('',#1320,#1321,#184,.T.);
#1101=EDGE_CURVE('',#1321,#1322,#185,.T.);
#1102=EDGE_CURVE('',#1322,#1299,#186,.T.);
#1103=EDGE_CURVE('',#1310,#1298,#187,.T.);
#1104=EDGE_CURVE('',#1311,#1323,#188,.T.);
#1105=EDGE_CURVE('',#1323,#1320,#189,.T.);
#1106=EDGE_CURVE('',#1258,#1304,#190,.T.);
#1107=EDGE_CURVE('',#1248,#1307,#191,.T.);
#1108=EDGE_CURVE('',#1324,#1324,#1416,.T.);
#1109=EDGE_CURVE('',#1287,#1325,#1417,.T.);
#1110=EDGE_CURVE('',#1326,#1325,#1418,.T.);
#1111=EDGE_CURVE('',#1326,#1323,#1419,.T.);
#1112=EDGE_CURVE('',#1327,#1327,#1420,.T.);
#1113=EDGE_CURVE('',#1255,#1328,#1421,.T.);
#1114=EDGE_CURVE('',#1328,#1329,#1422,.T.);
#1115=EDGE_CURVE('',#1329,#1284,#1423,.T.);
#1116=EDGE_CURVE('',#1330,#1330,#1424,.T.);
#1117=EDGE_CURVE('',#1294,#1331,#1425,.T.);
#1118=EDGE_CURVE('',#1332,#1331,#1426,.T.);
#1119=EDGE_CURVE('',#1332,#1252,#1427,.T.);
#1120=EDGE_CURVE('',#1333,#1333,#1428,.T.);
#1121=EDGE_CURVE('',#1322,#1334,#1429,.T.);
#1122=EDGE_CURVE('',#1334,#1335,#1430,.T.);
#1123=EDGE_CURVE('',#1335,#1297,#1431,.T.);
#1124=EDGE_CURVE('',#1336,#1337,#1432,.T.);
#1125=EDGE_CURVE('',#1336,#1326,#192,.T.);
#1126=EDGE_CURVE('',#1325,#1337,#193,.F.);
#1127=EDGE_CURVE('',#1338,#1339,#1433,.F.);
#1128=EDGE_CURVE('',#1339,#1329,#194,.T.);
#1129=EDGE_CURVE('',#1328,#1338,#195,.F.);
#1130=EDGE_CURVE('',#1331,#1340,#196,.F.);
#1131=EDGE_CURVE('',#1341,#1340,#1434,.T.);
#1132=EDGE_CURVE('',#1341,#1332,#197,.T.);
#1133=EDGE_CURVE('',#1342,#1342,#1435,.T.);
#1134=EDGE_CURVE('',#1343,#1344,#1436,.F.);
#1135=EDGE_CURVE('',#1344,#1335,#198,.T.);
#1136=EDGE_CURVE('',#1334,#1343,#199,.F.);
#1137=EDGE_CURVE('',#1345,#1345,#1437,.T.);
#1138=EDGE_CURVE('',#1346,#1346,#1438,.T.);
#1139=EDGE_CURVE('',#1347,#1347,#1439,.T.);
#1140=EDGE_CURVE('',#1340,#1293,#1440,.F.);
#1141=EDGE_CURVE('',#1253,#1341,#1441,.F.);
#1142=EDGE_CURVE('',#1292,#1344,#1442,.F.);
#1143=EDGE_CURVE('',#1343,#1321,#1443,.F.);
#1144=EDGE_CURVE('',#1285,#1339,#1444,.F.);
#1145=EDGE_CURVE('',#1338,#1254,#1445,.F.);
#1146=EDGE_CURVE('',#1320,#1336,#1446,.F.);
#1147=EDGE_CURVE('',#1337,#1286,#1447,.F.);
#1148=EDGE_CURVE('',#1348,#1349,#200,.T.);
#1149=EDGE_CURVE('',#1350,#1348,#201,.T.);
#1150=EDGE_CURVE('',#1350,#1351,#202,.T.);
#1151=EDGE_CURVE('',#1351,#1349,#203,.T.);
#1152=EDGE_CURVE('',#1348,#1352,#204,.T.);
#1153=EDGE_CURVE('',#1353,#1352,#205,.T.);
#1154=EDGE_CURVE('',#1350,#1353,#206,.T.);
#1155=EDGE_CURVE('',#1352,#1354,#207,.T.);
#1156=EDGE_CURVE('',#1355,#1354,#208,.T.);
#1157=EDGE_CURVE('',#1353,#1355,#209,.T.);
#1158=EDGE_CURVE('',#1354,#1356,#210,.T.);
#1159=EDGE_CURVE('',#1357,#1356,#211,.T.);
#1160=EDGE_CURVE('',#1355,#1357,#212,.T.);
#1161=EDGE_CURVE('',#1356,#1358,#213,.T.);
#1162=EDGE_CURVE('',#1359,#1358,#214,.T.);
#1163=EDGE_CURVE('',#1357,#1359,#215,.T.);
#1164=EDGE_CURVE('',#1358,#1360,#216,.T.);
#1165=EDGE_CURVE('',#1361,#1360,#217,.T.);
#1166=EDGE_CURVE('',#1359,#1361,#218,.T.);
#1167=EDGE_CURVE('',#1360,#1362,#219,.T.);
#1168=EDGE_CURVE('',#1363,#1362,#220,.T.);
#1169=EDGE_CURVE('',#1361,#1363,#221,.T.);
#1170=EDGE_CURVE('',#1364,#1362,#222,.T.);
#1171=EDGE_CURVE('',#1365,#1364,#223,.T.);
#1172=EDGE_CURVE('',#1365,#1363,#224,.T.);
#1173=EDGE_CURVE('',#1366,#1364,#225,.T.);
#1174=EDGE_CURVE('',#1367,#1366,#226,.T.);
#1175=EDGE_CURVE('',#1367,#1365,#227,.T.);
#1176=EDGE_CURVE('',#1366,#1368,#228,.T.);
#1177=EDGE_CURVE('',#1369,#1368,#229,.T.);
#1178=EDGE_CURVE('',#1367,#1369,#230,.T.);
#1179=EDGE_CURVE('',#1370,#1368,#231,.T.);
#1180=EDGE_CURVE('',#1371,#1370,#232,.T.);
#1181=EDGE_CURVE('',#1371,#1369,#233,.T.);
#1182=EDGE_CURVE('',#1349,#1370,#234,.T.);
#1183=EDGE_CURVE('',#1351,#1371,#235,.T.);
#1184=EDGE_CURVE('',#1259,#1302,#236,.T.);
#1185=EDGE_CURVE('',#1260,#1303,#237,.T.);
#1186=EDGE_CURVE('',#1249,#1308,#238,.T.);
#1187=EDGE_CURVE('',#1261,#1309,#239,.T.);
#1188=EDGE_CURVE('',#1317,#1268,#240,.T.);
#1189=EDGE_CURVE('',#1316,#1267,#241,.T.);
#1190=EDGE_CURVE('',#1319,#1269,#242,.T.);
#1191=EDGE_CURVE('',#1315,#1273,#243,.T.);
#1192=EDGE_CURVE('',#1313,#1272,#244,.T.);
#1193=EDGE_CURVE('',#1314,#1271,#245,.T.);
#1194=EDGE_CURVE('',#1312,#1270,#246,.T.);
#1195=EDGE_CURVE('',#1266,#1318,#247,.T.);
#1196=VERTEX_POINT('',#2553);
#1197=VERTEX_POINT('',#2554);
#1198=VERTEX_POINT('',#2556);
#1199=VERTEX_POINT('',#2558);
#1200=VERTEX_POINT('',#2562);
#1201=VERTEX_POINT('',#2564);
#1202=VERTEX_POINT('',#2568);
#1203=VERTEX_POINT('',#2570);
#1204=VERTEX_POINT('',#2574);
#1205=VERTEX_POINT('',#2576);
#1206=VERTEX_POINT('',#2580);
#1207=VERTEX_POINT('',#2582);
#1208=VERTEX_POINT('',#2586);
#1209=VERTEX_POINT('',#2588);
#1210=VERTEX_POINT('',#2592);
#1211=VERTEX_POINT('',#2594);
#1212=VERTEX_POINT('',#2598);
#1213=VERTEX_POINT('',#2600);
#1214=VERTEX_POINT('',#2603);
#1215=VERTEX_POINT('',#2605);
#1216=VERTEX_POINT('',#2608);
#1217=VERTEX_POINT('',#2610);
#1218=VERTEX_POINT('',#2616);
#1219=VERTEX_POINT('',#2618);
#1220=VERTEX_POINT('',#2624);
#1221=VERTEX_POINT('',#2625);
#1222=VERTEX_POINT('',#2627);
#1223=VERTEX_POINT('',#2629);
#1224=VERTEX_POINT('',#2633);
#1225=VERTEX_POINT('',#2634);
#1226=VERTEX_POINT('',#2636);
#1227=VERTEX_POINT('',#2638);
#1228=VERTEX_POINT('',#2642);
#1229=VERTEX_POINT('',#2643);
#1230=VERTEX_POINT('',#2645);
#1231=VERTEX_POINT('',#2647);
#1232=VERTEX_POINT('',#2651);
#1233=VERTEX_POINT('',#2652);
#1234=VERTEX_POINT('',#2654);
#1235=VERTEX_POINT('',#2656);
#1236=VERTEX_POINT('',#2660);
#1237=VERTEX_POINT('',#2661);
#1238=VERTEX_POINT('',#2663);
#1239=VERTEX_POINT('',#2665);
#1240=VERTEX_POINT('',#2669);
#1241=VERTEX_POINT('',#2670);
#1242=VERTEX_POINT('',#2672);
#1243=VERTEX_POINT('',#2674);
#1244=VERTEX_POINT('',#2678);
#1245=VERTEX_POINT('',#2679);
#1246=VERTEX_POINT('',#2681);
#1247=VERTEX_POINT('',#2683);
#1248=VERTEX_POINT('',#2687);
#1249=VERTEX_POINT('',#2688);
#1250=VERTEX_POINT('',#2690);
#1251=VERTEX_POINT('',#2692);
#1252=VERTEX_POINT('',#2694);
#1253=VERTEX_POINT('',#2696);
#1254=VERTEX_POINT('',#2698);
#1255=VERTEX_POINT('',#2700);
#1256=VERTEX_POINT('',#2702);
#1257=VERTEX_POINT('',#2704);
#1258=VERTEX_POINT('',#2706);
#1259=VERTEX_POINT('',#2708);
#1260=VERTEX_POINT('',#2710);
#1261=VERTEX_POINT('',#2712);
#1262=VERTEX_POINT('',#2716);
#1263=VERTEX_POINT('',#2717);
#1264=VERTEX_POINT('',#2719);
#1265=VERTEX_POINT('',#2721);
#1266=VERTEX_POINT('',#2731);
#1267=VERTEX_POINT('',#2733);
#1268=VERTEX_POINT('',#2735);
#1269=VERTEX_POINT('',#2737);
#1270=VERTEX_POINT('',#2740);
#1271=VERTEX_POINT('',#2741);
#1272=VERTEX_POINT('',#2743);
#1273=VERTEX_POINT('',#2745);
#1274=VERTEX_POINT('',#2748);
#1275=VERTEX_POINT('',#2750);
#1276=VERTEX_POINT('',#2754);
#1277=VERTEX_POINT('',#2756);
#1278=VERTEX_POINT('',#2760);
#1279=VERTEX_POINT('',#2762);
#1280=VERTEX_POINT('',#2766);
#1281=VERTEX_POINT('',#2768);
#1282=VERTEX_POINT('',#2772);
#1283=VERTEX_POINT('',#2773);
#1284=VERTEX_POINT('',#2775);
#1285=VERTEX_POINT('',#2777);
#1286=VERTEX_POINT('',#2779);
#1287=VERTEX_POINT('',#2781);
#1288=VERTEX_POINT('',#2783);
#1289=VERTEX_POINT('',#2785);
#1290=VERTEX_POINT('',#2792);
#1291=VERTEX_POINT('',#2794);
#1292=VERTEX_POINT('',#2798);
#1293=VERTEX_POINT('',#2799);
#1294=VERTEX_POINT('',#2801);
#1295=VERTEX_POINT('',#2804);
#1296=VERTEX_POINT('',#2806);
#1297=VERTEX_POINT('',#2808);
#1298=VERTEX_POINT('',#2812);
#1299=VERTEX_POINT('',#2814);
#1300=VERTEX_POINT('',#2818);
#1301=VERTEX_POINT('',#2819);
#1302=VERTEX_POINT('',#2824);
#1303=VERTEX_POINT('',#2825);
#1304=VERTEX_POINT('',#2827);
#1305=VERTEX_POINT('',#2829);
#1306=VERTEX_POINT('',#2831);
#1307=VERTEX_POINT('',#2834);
#1308=VERTEX_POINT('',#2836);
#1309=VERTEX_POINT('',#2838);
#1310=VERTEX_POINT('',#2845);
#1311=VERTEX_POINT('',#2847);
#1312=VERTEX_POINT('',#2853);
#1313=VERTEX_POINT('',#2854);
#1314=VERTEX_POINT('',#2856);
#1315=VERTEX_POINT('',#2858);
#1316=VERTEX_POINT('',#2865);
#1317=VERTEX_POINT('',#2866);
#1318=VERTEX_POINT('',#2868);
#1319=VERTEX_POINT('',#2871);
#1320=VERTEX_POINT('',#2874);
#1321=VERTEX_POINT('',#2875);
#1322=VERTEX_POINT('',#2877);
#1323=VERTEX_POINT('',#2881);
#1324=VERTEX_POINT('',#2888);
#1325=VERTEX_POINT('',#2890);
#1326=VERTEX_POINT('',#2892);
#1327=VERTEX_POINT('',#2896);
#1328=VERTEX_POINT('',#2898);
#1329=VERTEX_POINT('',#2900);
#1330=VERTEX_POINT('',#2904);
#1331=VERTEX_POINT('',#2906);
#1332=VERTEX_POINT('',#2908);
#1333=VERTEX_POINT('',#2912);
#1334=VERTEX_POINT('',#2914);
#1335=VERTEX_POINT('',#2916);
#1336=VERTEX_POINT('',#2920);
#1337=VERTEX_POINT('',#2921);
#1338=VERTEX_POINT('',#2926);
#1339=VERTEX_POINT('',#2927);
#1340=VERTEX_POINT('',#2932);
#1341=VERTEX_POINT('',#2934);
#1342=VERTEX_POINT('',#2938);
#1343=VERTEX_POINT('',#2941);
#1344=VERTEX_POINT('',#2942);
#1345=VERTEX_POINT('',#2947);
#1346=VERTEX_POINT('',#2950);
#1347=VERTEX_POINT('',#2953);
#1348=VERTEX_POINT('',#2972);
#1349=VERTEX_POINT('',#2973);
#1350=VERTEX_POINT('',#2975);
#1351=VERTEX_POINT('',#2977);
#1352=VERTEX_POINT('',#2981);
#1353=VERTEX_POINT('',#2983);
#1354=VERTEX_POINT('',#2987);
#1355=VERTEX_POINT('',#2989);
#1356=VERTEX_POINT('',#2993);
#1357=VERTEX_POINT('',#2995);
#1358=VERTEX_POINT('',#2999);
#1359=VERTEX_POINT('',#3001);
#1360=VERTEX_POINT('',#3005);
#1361=VERTEX_POINT('',#3007);
#1362=VERTEX_POINT('',#3011);
#1363=VERTEX_POINT('',#3013);
#1364=VERTEX_POINT('',#3017);
#1365=VERTEX_POINT('',#3019);
#1366=VERTEX_POINT('',#3023);
#1367=VERTEX_POINT('',#3025);
#1368=VERTEX_POINT('',#3029);
#1369=VERTEX_POINT('',#3031);
#1370=VERTEX_POINT('',#3035);
#1371=VERTEX_POINT('',#3037);
#1372=CIRCLE('',#1862,0.00690000042591001);
#1373=CIRCLE('',#1863,0.00690000042591001);
#1374=CIRCLE('',#1866,0.00690000042591001);
#1375=CIRCLE('',#1867,0.00690000042591001);
#1376=CIRCLE('',#1870,0.00690000042591001);
#1377=CIRCLE('',#1871,0.00690000042591001);
#1378=CIRCLE('',#1874,0.00690000042591001);
#1379=CIRCLE('',#1875,0.00690000042591001);
#1380=CIRCLE('',#1877,0.0016);
#1381=CIRCLE('',#1878,0.0016);
#1382=CIRCLE('',#1880,0.0016);
#1383=CIRCLE('',#1881,0.0016);
#1384=CIRCLE('',#1883,0.0016);
#1385=CIRCLE('',#1884,0.0016);
#1386=CIRCLE('',#1887,0.0016);
#1387=CIRCLE('',#1888,0.0016);
#1388=CIRCLE('',#1900,0.00575);
#1389=CIRCLE('',#1901,0.00575);
#1390=CIRCLE('',#1903,0.00690000042591001);
#1391=CIRCLE('',#1904,0.00690000042591001);
#1392=CIRCLE('',#1906,0.001555);
#1393=CIRCLE('',#1907,0.001555);
#1394=CIRCLE('',#1908,0.001555);
#1395=CIRCLE('',#1909,0.001555);
#1396=CIRCLE('',#1911,0.00690000042591001);
#1397=CIRCLE('',#1912,0.00690000042591001);
#1398=CIRCLE('',#1915,0.00690000042591001);
#1399=CIRCLE('',#1916,0.00690000042591001);
#1400=CIRCLE('',#1919,0.00440000042591001);
#1401=CIRCLE('',#1920,0.00440000042591001);
#1402=CIRCLE('',#1922,0.00440000042591001);
#1403=CIRCLE('',#1923,0.00440000042591001);
#1404=CIRCLE('',#1926,0.00440000042591001);
#1405=CIRCLE('',#1927,0.00440000042591001);
#1406=CIRCLE('',#1930,0.00575);
#1407=CIRCLE('',#1931,0.00575);
#1408=CIRCLE('',#1933,0.00690000042591001);
#1409=CIRCLE('',#1934,0.00690000042591001);
#1410=CIRCLE('',#1936,0.00440000042591001);
#1411=CIRCLE('',#1937,0.00440000042591001);
#1412=CIRCLE('',#1939,0.001555);
#1413=CIRCLE('',#1940,0.001555);
#1414=CIRCLE('',#1941,0.001555);
#1415=CIRCLE('',#1942,0.001555);
#1416=CIRCLE('',#1945,0.0016);
#1417=CIRCLE('',#1946,0.003);
#1418=CIRCLE('',#1947,0.00440000042591);
#1419=CIRCLE('',#1948,0.003);
#1420=CIRCLE('',#1950,0.0016);
#1421=CIRCLE('',#1951,0.003);
#1422=CIRCLE('',#1952,0.00440000042591);
#1423=CIRCLE('',#1953,0.003);
#1424=CIRCLE('',#1955,0.0016);
#1425=CIRCLE('',#1956,0.003);
#1426=CIRCLE('',#1957,0.00440000042591);
#1427=CIRCLE('',#1958,0.003);
#1428=CIRCLE('',#1960,0.0016);
#1429=CIRCLE('',#1961,0.003);
#1430=CIRCLE('',#1962,0.00440000042591);
#1431=CIRCLE('',#1963,0.003);
#1432=CIRCLE('',#1965,0.00440000042591);
#1433=CIRCLE('',#1967,0.00440000042591);
#1434=CIRCLE('',#1969,0.00440000042591);
#1435=CIRCLE('',#1971,0.0016);
#1436=CIRCLE('',#1973,0.00440000042591);
#1437=CIRCLE('',#1975,0.0016);
#1438=CIRCLE('',#1977,0.0016);
#1439=CIRCLE('',#1979,0.0016);
#1440=CIRCLE('',#1981,0.003);
#1441=CIRCLE('',#1983,0.003);
#1442=CIRCLE('',#1985,0.003);
#1443=CIRCLE('',#1987,0.003);
#1444=CIRCLE('',#1989,0.003);
#1445=CIRCLE('',#1991,0.003);
#1446=CIRCLE('',#1993,0.003);
#1447=CIRCLE('',#1995,0.003);
#1448=EDGE_LOOP('',(#428,#429,#430,#431));
#1449=EDGE_LOOP('',(#432,#433,#434,#435));
#1450=EDGE_LOOP('',(#436,#437,#438,#439));
#1451=EDGE_LOOP('',(#440,#441,#442,#443));
#1452=EDGE_LOOP('',(#444,#445,#446,#447));
#1453=EDGE_LOOP('',(#448,#449,#450,#451));
#1454=EDGE_LOOP('',(#452,#453,#454,#455));
#1455=EDGE_LOOP('',(#456));
#1456=EDGE_LOOP('',(#457));
#1457=EDGE_LOOP('',(#458));
#1458=EDGE_LOOP('',(#459));
#1459=EDGE_LOOP('',(#460));
#1460=EDGE_LOOP('',(#461));
#1461=EDGE_LOOP('',(#462,#463,#464,#465));
#1462=EDGE_LOOP('',(#466));
#1463=EDGE_LOOP('',(#467));
#1464=EDGE_LOOP('',(#468,#469,#470,#471,#472,#473,#474,#475));
#1465=EDGE_LOOP('',(#476));
#1466=EDGE_LOOP('',(#477));
#1467=EDGE_LOOP('',(#478));
#1468=EDGE_LOOP('',(#479));
#1469=EDGE_LOOP('',(#480,#481,#482,#483,#484,#485,#486,#487));
#1470=EDGE_LOOP('',(#488));
#1471=EDGE_LOOP('',(#489));
#1472=EDGE_LOOP('',(#490));
#1473=EDGE_LOOP('',(#491));
#1474=EDGE_LOOP('',(#492,#493,#494,#495));
#1475=EDGE_LOOP('',(#496,#497,#498,#499));
#1476=EDGE_LOOP('',(#500,#501,#502,#503));
#1477=EDGE_LOOP('',(#504,#505,#506,#507));
#1478=EDGE_LOOP('',(#508,#509,#510,#511));
#1479=EDGE_LOOP('',(#512,#513,#514,#515));
#1480=EDGE_LOOP('',(#516,#517,#518,#519));
#1481=EDGE_LOOP('',(#520,#521,#522,#523,#524,#525,#526,#527,#528,#529,#530,
#531,#532,#533));
#1482=EDGE_LOOP('',(#534,#535,#536,#537));
#1483=EDGE_LOOP('',(#538,#539,#540,#541));
#1484=EDGE_LOOP('',(#542,#543,#544,#545));
#1485=EDGE_LOOP('',(#546,#547,#548,#549));
#1486=EDGE_LOOP('',(#550,#551,#552,#553,#554,#555));
#1487=EDGE_LOOP('',(#556,#557,#558,#559));
#1488=EDGE_LOOP('',(#560,#561,#562,#563));
#1489=EDGE_LOOP('',(#564,#565,#566,#567));
#1490=EDGE_LOOP('',(#568,#569,#570,#571));
#1491=EDGE_LOOP('',(#572,#573,#574,#575));
#1492=EDGE_LOOP('',(#576,#577,#578,#579,#580,#581,#582,#583));
#1493=EDGE_LOOP('',(#584,#585,#586,#587));
#1494=EDGE_LOOP('',(#588,#589,#590,#591));
#1495=EDGE_LOOP('',(#592,#593,#594,#595,#596,#597,#598,#599));
#1496=EDGE_LOOP('',(#600,#601,#602,#603));
#1497=EDGE_LOOP('',(#604,#605,#606,#607));
#1498=EDGE_LOOP('',(#608,#609,#610,#611,#612,#613,#614,#615,#616,#617));
#1499=EDGE_LOOP('',(#618,#619,#620,#621));
#1500=EDGE_LOOP('',(#622,#623,#624,#625));
#1501=EDGE_LOOP('',(#626,#627,#628,#629));
#1502=EDGE_LOOP('',(#630,#631,#632,#633));
#1503=EDGE_LOOP('',(#634,#635,#636,#637));
#1504=EDGE_LOOP('',(#638,#639,#640,#641));
#1505=EDGE_LOOP('',(#642,#643,#644,#645,#646,#647));
#1506=EDGE_LOOP('',(#648,#649,#650,#651,#652,#653,#654,#655));
#1507=EDGE_LOOP('',(#656,#657,#658,#659,#660,#661,#662,#663,#664,#665,#666,
#667,#668,#669,#670,#671,#672,#673,#674,#675));
#1508=EDGE_LOOP('',(#676));
#1509=EDGE_LOOP('',(#677,#678,#679,#680,#681,#682));
#1510=EDGE_LOOP('',(#683));
#1511=EDGE_LOOP('',(#684,#685,#686,#687,#688,#689));
#1512=EDGE_LOOP('',(#690));
#1513=EDGE_LOOP('',(#691,#692,#693,#694,#695,#696));
#1514=EDGE_LOOP('',(#697));
#1515=EDGE_LOOP('',(#698,#699,#700,#701,#702,#703));
#1516=EDGE_LOOP('',(#704,#705,#706,#707));
#1517=EDGE_LOOP('',(#708,#709,#710,#711));
#1518=EDGE_LOOP('',(#712,#713,#714,#715));
#1519=EDGE_LOOP('',(#716));
#1520=EDGE_LOOP('',(#717));
#1521=EDGE_LOOP('',(#718,#719,#720,#721));
#1522=EDGE_LOOP('',(#722));
#1523=EDGE_LOOP('',(#723));
#1524=EDGE_LOOP('',(#724));
#1525=EDGE_LOOP('',(#725));
#1526=EDGE_LOOP('',(#726));
#1527=EDGE_LOOP('',(#727));
#1528=EDGE_LOOP('',(#728,#729,#730,#731));
#1529=EDGE_LOOP('',(#732,#733,#734,#735));
#1530=EDGE_LOOP('',(#736,#737,#738,#739));
#1531=EDGE_LOOP('',(#740,#741,#742,#743));
#1532=EDGE_LOOP('',(#744,#745,#746,#747));
#1533=EDGE_LOOP('',(#748,#749,#750,#751));
#1534=EDGE_LOOP('',(#752,#753,#754,#755));
#1535=EDGE_LOOP('',(#756,#757,#758,#759));
#1536=EDGE_LOOP('',(#760,#761,#762,#763));
#1537=EDGE_LOOP('',(#764,#765,#766,#767));
#1538=EDGE_LOOP('',(#768,#769,#770,#771));
#1539=EDGE_LOOP('',(#772,#773,#774,#775));
#1540=EDGE_LOOP('',(#776,#777,#778,#779));
#1541=EDGE_LOOP('',(#780,#781,#782,#783));
#1542=EDGE_LOOP('',(#784,#785,#786,#787));
#1543=EDGE_LOOP('',(#788,#789,#790,#791));
#1544=EDGE_LOOP('',(#792,#793,#794,#795));
#1545=EDGE_LOOP('',(#796,#797,#798,#799));
#1546=EDGE_LOOP('',(#800,#801,#802,#803));
#1547=EDGE_LOOP('',(#804,#805,#806,#807));
#1548=EDGE_LOOP('',(#808,#809,#810,#811,#812,#813,#814,#815,#816,#817,#818,
#819));
#1549=EDGE_LOOP('',(#820));
#1550=EDGE_LOOP('',(#821));
#1551=EDGE_LOOP('',(#822));
#1552=EDGE_LOOP('',(#823));
#1553=EDGE_LOOP('',(#824,#825,#826,#827,#828,#829,#830,#831));
#1554=EDGE_LOOP('',(#832,#833,#834,#835,#836,#837,#838,#839,#840,#841,#842,
#843,#844,#845,#846,#847));
#1555=EDGE_LOOP('',(#848,#849,#850,#851,#852,#853,#854,#855,#856,#857,#858,
#859));
#1556=EDGE_LOOP('',(#860,#861,#862,#863));
#1557=EDGE_LOOP('',(#864,#865,#866,#867));
#1558=EDGE_LOOP('',(#868,#869,#870,#871));
#1559=EDGE_LOOP('',(#872,#873,#874,#875));
#1560=EDGE_LOOP('',(#876,#877,#878,#879));
#1561=EDGE_LOOP('',(#880,#881,#882,#883));
#1562=EDGE_LOOP('',(#884,#885,#886,#887));
#1563=EDGE_LOOP('',(#888,#889,#890,#891));
#1564=EDGE_LOOP('',(#892,#893,#894,#895));
#1565=EDGE_LOOP('',(#896,#897,#898,#899));
#1566=EDGE_LOOP('',(#900,#901,#902,#903));
#1567=EDGE_LOOP('',(#904,#905,#906,#907));
#1568=EDGE_LOOP('',(#908,#909,#910,#911));
#1569=EDGE_LOOP('',(#912,#913,#914,#915));
#1570=EDGE_LOOP('',(#916,#917,#918,#919));
#1571=EDGE_LOOP('',(#920,#921,#922,#923));
#1572=EDGE_LOOP('',(#924,#925,#926,#927));
#1573=EDGE_LOOP('',(#928,#929,#930,#931));
#1574=EDGE_LOOP('',(#932,#933,#934,#935));
#1575=EDGE_LOOP('',(#936,#937,#938,#939));
#1576=FACE_BOUND('',#1448,.T.);
#1577=FACE_BOUND('',#1449,.T.);
#1578=FACE_BOUND('',#1450,.T.);
#1579=FACE_BOUND('',#1451,.T.);
#1580=FACE_BOUND('',#1452,.T.);
#1581=FACE_BOUND('',#1453,.T.);
#1582=FACE_BOUND('',#1454,.T.);
#1583=FACE_BOUND('',#1455,.T.);
#1584=FACE_BOUND('',#1456,.T.);
#1585=FACE_BOUND('',#1457,.T.);
#1586=FACE_BOUND('',#1458,.T.);
#1587=FACE_BOUND('',#1459,.T.);
#1588=FACE_BOUND('',#1460,.T.);
#1589=FACE_BOUND('',#1461,.T.);
#1590=FACE_BOUND('',#1462,.T.);
#1591=FACE_BOUND('',#1463,.T.);
#1592=FACE_BOUND('',#1464,.T.);
#1593=FACE_BOUND('',#1465,.T.);
#1594=FACE_BOUND('',#1466,.T.);
#1595=FACE_BOUND('',#1467,.T.);
#1596=FACE_BOUND('',#1468,.T.);
#1597=FACE_BOUND('',#1469,.T.);
#1598=FACE_BOUND('',#1470,.T.);
#1599=FACE_BOUND('',#1471,.T.);
#1600=FACE_BOUND('',#1472,.T.);
#1601=FACE_BOUND('',#1473,.T.);
#1602=FACE_BOUND('',#1474,.T.);
#1603=FACE_BOUND('',#1475,.T.);
#1604=FACE_BOUND('',#1476,.T.);
#1605=FACE_BOUND('',#1477,.T.);
#1606=FACE_BOUND('',#1478,.T.);
#1607=FACE_BOUND('',#1479,.T.);
#1608=FACE_BOUND('',#1480,.T.);
#1609=FACE_BOUND('',#1481,.T.);
#1610=FACE_BOUND('',#1482,.T.);
#1611=FACE_BOUND('',#1483,.T.);
#1612=FACE_BOUND('',#1484,.T.);
#1613=FACE_BOUND('',#1485,.T.);
#1614=FACE_BOUND('',#1486,.T.);
#1615=FACE_BOUND('',#1487,.T.);
#1616=FACE_BOUND('',#1488,.T.);
#1617=FACE_BOUND('',#1489,.T.);
#1618=FACE_BOUND('',#1490,.T.);
#1619=FACE_BOUND('',#1491,.T.);
#1620=FACE_BOUND('',#1492,.T.);
#1621=FACE_BOUND('',#1493,.T.);
#1622=FACE_BOUND('',#1494,.T.);
#1623=FACE_BOUND('',#1495,.T.);
#1624=FACE_BOUND('',#1496,.T.);
#1625=FACE_BOUND('',#1497,.T.);
#1626=FACE_BOUND('',#1498,.T.);
#1627=FACE_BOUND('',#1499,.T.);
#1628=FACE_BOUND('',#1500,.T.);
#1629=FACE_BOUND('',#1501,.T.);
#1630=FACE_BOUND('',#1502,.T.);
#1631=FACE_BOUND('',#1503,.T.);
#1632=FACE_BOUND('',#1504,.T.);
#1633=FACE_BOUND('',#1505,.T.);
#1634=FACE_BOUND('',#1506,.T.);
#1635=FACE_BOUND('',#1507,.T.);
#1636=FACE_BOUND('',#1508,.T.);
#1637=FACE_BOUND('',#1509,.T.);
#1638=FACE_BOUND('',#1510,.T.);
#1639=FACE_BOUND('',#1511,.T.);
#1640=FACE_BOUND('',#1512,.T.);
#1641=FACE_BOUND('',#1513,.T.);
#1642=FACE_BOUND('',#1514,.T.);
#1643=FACE_BOUND('',#1515,.T.);
#1644=FACE_BOUND('',#1516,.T.);
#1645=FACE_BOUND('',#1517,.T.);
#1646=FACE_BOUND('',#1518,.T.);
#1647=FACE_BOUND('',#1519,.T.);
#1648=FACE_BOUND('',#1520,.T.);
#1649=FACE_BOUND('',#1521,.T.);
#1650=FACE_BOUND('',#1522,.T.);
#1651=FACE_BOUND('',#1523,.T.);
#1652=FACE_BOUND('',#1524,.T.);
#1653=FACE_BOUND('',#1525,.T.);
#1654=FACE_BOUND('',#1526,.T.);
#1655=FACE_BOUND('',#1527,.T.);
#1656=FACE_BOUND('',#1528,.T.);
#1657=FACE_BOUND('',#1529,.T.);
#1658=FACE_BOUND('',#1530,.T.);
#1659=FACE_BOUND('',#1531,.T.);
#1660=FACE_BOUND('',#1532,.T.);
#1661=FACE_BOUND('',#1533,.T.);
#1662=FACE_BOUND('',#1534,.T.);
#1663=FACE_BOUND('',#1535,.T.);
#1664=FACE_BOUND('',#1536,.T.);
#1665=FACE_BOUND('',#1537,.T.);
#1666=FACE_BOUND('',#1538,.T.);
#1667=FACE_BOUND('',#1539,.T.);
#1668=FACE_BOUND('',#1540,.T.);
#1669=FACE_BOUND('',#1541,.T.);
#1670=FACE_BOUND('',#1542,.T.);
#1671=FACE_BOUND('',#1543,.T.);
#1672=FACE_BOUND('',#1544,.T.);
#1673=FACE_BOUND('',#1545,.T.);
#1674=FACE_BOUND('',#1546,.T.);
#1675=FACE_BOUND('',#1547,.T.);
#1676=FACE_BOUND('',#1548,.T.);
#1677=FACE_BOUND('',#1549,.T.);
#1678=FACE_BOUND('',#1550,.T.);
#1679=FACE_BOUND('',#1551,.T.);
#1680=FACE_BOUND('',#1552,.T.);
#1681=FACE_BOUND('',#1553,.T.);
#1682=FACE_BOUND('',#1554,.T.);
#1683=FACE_BOUND('',#1555,.T.);
#1684=FACE_BOUND('',#1556,.T.);
#1685=FACE_BOUND('',#1557,.T.);
#1686=FACE_BOUND('',#1558,.T.);
#1687=FACE_BOUND('',#1559,.T.);
#1688=FACE_BOUND('',#1560,.T.);
#1689=FACE_BOUND('',#1561,.T.);
#1690=FACE_BOUND('',#1562,.T.);
#1691=FACE_BOUND('',#1563,.T.);
#1692=FACE_BOUND('',#1564,.T.);
#1693=FACE_BOUND('',#1565,.T.);
#1694=FACE_BOUND('',#1566,.T.);
#1695=FACE_BOUND('',#1567,.T.);
#1696=FACE_BOUND('',#1568,.T.);
#1697=FACE_BOUND('',#1569,.T.);
#1698=FACE_BOUND('',#1570,.T.);
#1699=FACE_BOUND('',#1571,.T.);
#1700=FACE_BOUND('',#1572,.T.);
#1701=FACE_BOUND('',#1573,.T.);
#1702=FACE_BOUND('',#1574,.T.);
#1703=FACE_BOUND('',#1575,.T.);
#1704=CYLINDRICAL_SURFACE('',#1861,0.00690000042591001);
#1705=CYLINDRICAL_SURFACE('',#1865,0.00690000042591001);
#1706=CYLINDRICAL_SURFACE('',#1869,0.00690000042591001);
#1707=CYLINDRICAL_SURFACE('',#1873,0.00690000042591001);
#1708=CYLINDRICAL_SURFACE('',#1876,0.0016);
#1709=CYLINDRICAL_SURFACE('',#1879,0.0016);
#1710=CYLINDRICAL_SURFACE('',#1882,0.0016);
#1711=CYLINDRICAL_SURFACE('',#1886,0.0016);
#1712=CYLINDRICAL_SURFACE('',#1902,0.00690000042591001);
#1713=CYLINDRICAL_SURFACE('',#1910,0.00690000042591001);
#1714=CYLINDRICAL_SURFACE('',#1914,0.00690000042591001);
#1715=CYLINDRICAL_SURFACE('',#1918,0.00440000042591001);
#1716=CYLINDRICAL_SURFACE('',#1921,0.00440000042591001);
#1717=CYLINDRICAL_SURFACE('',#1925,0.00440000042591001);
#1718=CYLINDRICAL_SURFACE('',#1932,0.00690000042591001);
#1719=CYLINDRICAL_SURFACE('',#1935,0.00440000042591001);
#1720=CYLINDRICAL_SURFACE('',#1964,0.00440000042591);
#1721=CYLINDRICAL_SURFACE('',#1966,0.00440000042591);
#1722=CYLINDRICAL_SURFACE('',#1968,0.00440000042591);
#1723=CYLINDRICAL_SURFACE('',#1970,0.0016);
#1724=CYLINDRICAL_SURFACE('',#1972,0.00440000042591);
#1725=CYLINDRICAL_SURFACE('',#1974,0.0016);
#1726=CYLINDRICAL_SURFACE('',#1976,0.0016);
#1727=CYLINDRICAL_SURFACE('',#1978,0.0016);
#1728=CYLINDRICAL_SURFACE('',#1980,0.003);
#1729=CYLINDRICAL_SURFACE('',#1982,0.003);
#1730=CYLINDRICAL_SURFACE('',#1984,0.003);
#1731=CYLINDRICAL_SURFACE('',#1986,0.003);
#1732=CYLINDRICAL_SURFACE('',#1988,0.003);
#1733=CYLINDRICAL_SURFACE('',#1990,0.003);
#1734=CYLINDRICAL_SURFACE('',#1992,0.003);
#1735=CYLINDRICAL_SURFACE('',#1994,0.003);
#1736=CYLINDRICAL_SURFACE('',#2011,0.00575);
#1737=CYLINDRICAL_SURFACE('',#2013,0.00575);
#1738=CYLINDRICAL_SURFACE('',#2015,0.001555);
#1739=CYLINDRICAL_SURFACE('',#2017,0.001555);
#1740=CYLINDRICAL_SURFACE('',#2018,0.001555);
#1741=CYLINDRICAL_SURFACE('',#2020,0.001555);
#1742=ADVANCED_FACE('',(#1576),#1704,.T.);
#1743=ADVANCED_FACE('',(#1577),#14,.T.);
#1744=ADVANCED_FACE('',(#1578),#1705,.T.);
#1745=ADVANCED_FACE('',(#1579),#15,.T.);
#1746=ADVANCED_FACE('',(#1580),#1706,.T.);
#1747=ADVANCED_FACE('',(#1581),#16,.T.);
#1748=ADVANCED_FACE('',(#1582),#1707,.T.);
#1749=ADVANCED_FACE('',(#1583,#1584),#1708,.F.);
#1750=ADVANCED_FACE('',(#1585,#1586),#1709,.F.);
#1751=ADVANCED_FACE('',(#1587,#1588),#1710,.F.);
#1752=ADVANCED_FACE('',(#1589),#17,.T.);
#1753=ADVANCED_FACE('',(#1590,#1591),#1711,.F.);
#1754=ADVANCED_FACE('',(#1592,#1593,#1594,#1595,#1596),#18,.T.);
#1755=ADVANCED_FACE('',(#1597,#1598,#1599,#1600,#1601),#19,.F.);
#1756=ADVANCED_FACE('',(#1602),#20,.F.);
#1757=ADVANCED_FACE('',(#1603),#21,.F.);
#1758=ADVANCED_FACE('',(#1604),#22,.F.);
#1759=ADVANCED_FACE('',(#1605),#23,.F.);
#1760=ADVANCED_FACE('',(#1606),#24,.F.);
#1761=ADVANCED_FACE('',(#1607),#25,.F.);
#1762=ADVANCED_FACE('',(#1608),#26,.F.);
#1763=ADVANCED_FACE('',(#1609),#27,.F.);
#1764=ADVANCED_FACE('',(#1610),#1712,.T.);
#1765=ADVANCED_FACE('',(#1611,#1612,#1613,#1614,#1615,#1616),#28,.T.);
#1766=ADVANCED_FACE('',(#1617),#1713,.T.);
#1767=ADVANCED_FACE('',(#1618),#29,.T.);
#1768=ADVANCED_FACE('',(#1619),#1714,.T.);
#1769=ADVANCED_FACE('',(#1620),#30,.F.);
#1770=ADVANCED_FACE('',(#1621),#1715,.F.);
#1771=ADVANCED_FACE('',(#1622),#1716,.F.);
#1772=ADVANCED_FACE('',(#1623),#31,.F.);
#1773=ADVANCED_FACE('',(#1624),#1717,.F.);
#1774=ADVANCED_FACE('',(#1625),#32,.T.);
#1775=ADVANCED_FACE('',(#1626),#33,.T.);
#1776=ADVANCED_FACE('',(#1627),#1718,.T.);
#1777=ADVANCED_FACE('',(#1628),#1719,.F.);
#1778=ADVANCED_FACE('',(#1629,#1630,#1631,#1632,#1633,#1634),#34,.F.);
#1779=ADVANCED_FACE('',(#1635),#35,.T.);
#1780=ADVANCED_FACE('',(#1636,#1637),#36,.F.);
#1781=ADVANCED_FACE('',(#1638,#1639),#37,.F.);
#1782=ADVANCED_FACE('',(#1640,#1641),#38,.F.);
#1783=ADVANCED_FACE('',(#1642,#1643),#39,.F.);
#1784=ADVANCED_FACE('',(#1644),#1720,.T.);
#1785=ADVANCED_FACE('',(#1645),#1721,.T.);
#1786=ADVANCED_FACE('',(#1646),#1722,.T.);
#1787=ADVANCED_FACE('',(#1647,#1648),#1723,.F.);
#1788=ADVANCED_FACE('',(#1649),#1724,.T.);
#1789=ADVANCED_FACE('',(#1650,#1651),#1725,.F.);
#1790=ADVANCED_FACE('',(#1652,#1653),#1726,.F.);
#1791=ADVANCED_FACE('',(#1654,#1655),#1727,.F.);
#1792=ADVANCED_FACE('',(#1656),#1728,.F.);
#1793=ADVANCED_FACE('',(#1657),#1729,.F.);
#1794=ADVANCED_FACE('',(#1658),#1730,.F.);
#1795=ADVANCED_FACE('',(#1659),#1731,.F.);
#1796=ADVANCED_FACE('',(#1660),#1732,.F.);
#1797=ADVANCED_FACE('',(#1661),#1733,.F.);
#1798=ADVANCED_FACE('',(#1662),#1734,.F.);
#1799=ADVANCED_FACE('',(#1663),#1735,.F.);
#1800=ADVANCED_FACE('',(#1664),#40,.T.);
#1801=ADVANCED_FACE('',(#1665),#41,.F.);
#1802=ADVANCED_FACE('',(#1666),#42,.F.);
#1803=ADVANCED_FACE('',(#1667),#43,.F.);
#1804=ADVANCED_FACE('',(#1668),#44,.F.);
#1805=ADVANCED_FACE('',(#1669),#45,.F.);
#1806=ADVANCED_FACE('',(#1670),#46,.F.);
#1807=ADVANCED_FACE('',(#1671),#47,.T.);
#1808=ADVANCED_FACE('',(#1672),#48,.T.);
#1809=ADVANCED_FACE('',(#1673),#49,.F.);
#1810=ADVANCED_FACE('',(#1674),#50,.T.);
#1811=ADVANCED_FACE('',(#1675),#51,.T.);
#1812=ADVANCED_FACE('',(#1676,#1677,#1678,#1679,#1680,#1681),#52,.T.);
#1813=ADVANCED_FACE('',(#1682,#1683),#53,.F.);
#1814=ADVANCED_FACE('',(#1684),#54,.T.);
#1815=ADVANCED_FACE('',(#1685),#1736,.F.);
#1816=ADVANCED_FACE('',(#1686),#55,.F.);
#1817=ADVANCED_FACE('',(#1687),#1737,.F.);
#1818=ADVANCED_FACE('',(#1688),#56,.T.);
#1819=ADVANCED_FACE('',(#1689),#1738,.F.);
#1820=ADVANCED_FACE('',(#1690),#57,.F.);
#1821=ADVANCED_FACE('',(#1691),#1739,.F.);
#1822=ADVANCED_FACE('',(#1692),#1740,.F.);
#1823=ADVANCED_FACE('',(#1693),#58,.F.);
#1824=ADVANCED_FACE('',(#1694),#1741,.F.);
#1825=ADVANCED_FACE('',(#1695),#59,.F.);
#1826=ADVANCED_FACE('',(#1696),#60,.F.);
#1827=ADVANCED_FACE('',(#1697),#61,.T.);
#1828=ADVANCED_FACE('',(#1698),#62,.F.);
#1829=ADVANCED_FACE('',(#1699),#63,.T.);
#1830=ADVANCED_FACE('',(#1700),#64,.F.);
#1831=ADVANCED_FACE('',(#1701),#65,.T.);
#1832=ADVANCED_FACE('',(#1702),#66,.F.);
#1833=ADVANCED_FACE('',(#1703),#67,.F.);
#1834=CLOSED_SHELL('',(#1742,#1743,#1744,#1745,#1746,#1747,#1748,#1749,
#1750,#1751,#1752,#1753,#1754,#1755));
#1835=CLOSED_SHELL('',(#1756,#1757,#1758,#1759,#1760,#1761,#1762,#1763,
#1764,#1765,#1766,#1767,#1768,#1769,#1770,#1771,#1772,#1773,#1774,#1775,
#1776,#1777,#1778,#1779,#1780,#1781,#1782,#1783,#1784,#1785,#1786,#1787,
#1788,#1789,#1790,#1791,#1792,#1793,#1794,#1795,#1796,#1797,#1798,#1799,
#1800,#1801,#1802,#1803,#1804,#1805,#1806,#1807,#1808,#1809,#1810,#1811,
#1812,#1813,#1814,#1815,#1816,#1817,#1818,#1819,#1820,#1821,#1822,#1823,
#1824,#1825,#1826,#1827,#1828,#1829,#1830,#1831,#1832,#1833));
#1836=STYLED_ITEM('',(#1838),#1854);
#1837=STYLED_ITEM('',(#1839),#1855);
#1838=PRESENTATION_STYLE_ASSIGNMENT((#1840));
#1839=PRESENTATION_STYLE_ASSIGNMENT((#1841));
#1840=SURFACE_STYLE_USAGE(.BOTH.,#1842);
#1841=SURFACE_STYLE_USAGE(.BOTH.,#1843);
#1842=SURFACE_SIDE_STYLE('',(#1846,#1844));
#1843=SURFACE_SIDE_STYLE('',(#1847));
#1844=SURFACE_STYLE_RENDERING_WITH_PROPERTIES(.CONSTANT_SHADING.,#1852,
(#1845));
#1845=SURFACE_STYLE_TRANSPARENT(0.470588235294118);
#1846=SURFACE_STYLE_FILL_AREA(#1848);
#1847=SURFACE_STYLE_FILL_AREA(#1849);
#1848=FILL_AREA_STYLE('',(#1850));
#1849=FILL_AREA_STYLE('',(#1851));
#1850=FILL_AREA_STYLE_COLOUR('',#1852);
#1851=FILL_AREA_STYLE_COLOUR('',#1853);
#1852=COLOUR_RGB('',0.713725490196078,0.76078431372549,0.8);
#1853=COLOUR_RGB('',0.8,0.749019607843137,0.913725490196078);
#1854=MANIFOLD_SOLID_BREP('Bottom Cover',#1834);
#1855=MANIFOLD_SOLID_BREP('Case',#1835);
#1856=SHAPE_DEFINITION_REPRESENTATION(#3088,#1858);
#1857=SHAPE_DEFINITION_REPRESENTATION(#3089,#1859);
#1858=SHAPE_REPRESENTATION('Bottom Cover',(#1860),#3078);
#1859=SHAPE_REPRESENTATION('Case',(#1891),#3079);
#1860=AXIS2_PLACEMENT_3D('',#2550,#2030,#2031);
#1861=AXIS2_PLACEMENT_3D('',#2551,#2032,#2033);
#1862=AXIS2_PLACEMENT_3D('',#2552,#2034,#2035);
#1863=AXIS2_PLACEMENT_3D('',#2557,#2037,#2038);
#1864=AXIS2_PLACEMENT_3D('',#2560,#2040,#2041);
#1865=AXIS2_PLACEMENT_3D('',#2566,#2045,#2046);
#1866=AXIS2_PLACEMENT_3D('',#2567,#2047,#2048);
#1867=AXIS2_PLACEMENT_3D('',#2571,#2050,#2051);
#1868=AXIS2_PLACEMENT_3D('',#2572,#2052,#2053);
#1869=AXIS2_PLACEMENT_3D('',#2578,#2057,#2058);
#1870=AXIS2_PLACEMENT_3D('',#2579,#2059,#2060);
#1871=AXIS2_PLACEMENT_3D('',#2583,#2062,#2063);
#1872=AXIS2_PLACEMENT_3D('',#2584,#2064,#2065);
#1873=AXIS2_PLACEMENT_3D('',#2590,#2069,#2070);
#1874=AXIS2_PLACEMENT_3D('',#2591,#2071,#2072);
#1875=AXIS2_PLACEMENT_3D('',#2595,#2074,#2075);
#1876=AXIS2_PLACEMENT_3D('',#2596,#2076,#2077);
#1877=AXIS2_PLACEMENT_3D('',#2597,#2078,#2079);
#1878=AXIS2_PLACEMENT_3D('',#2599,#2080,#2081);
#1879=AXIS2_PLACEMENT_3D('',#2601,#2082,#2083);
#1880=AXIS2_PLACEMENT_3D('',#2602,#2084,#2085);
#1881=AXIS2_PLACEMENT_3D('',#2604,#2086,#2087);
#1882=AXIS2_PLACEMENT_3D('',#2606,#2088,#2089);
#1883=AXIS2_PLACEMENT_3D('',#2607,#2090,#2091);
#1884=AXIS2_PLACEMENT_3D('',#2609,#2092,#2093);
#1885=AXIS2_PLACEMENT_3D('',#2611,#2094,#2095);
#1886=AXIS2_PLACEMENT_3D('',#2614,#2098,#2099);
#1887=AXIS2_PLACEMENT_3D('',#2615,#2100,#2101);
#1888=AXIS2_PLACEMENT_3D('',#2617,#2102,#2103);
#1889=AXIS2_PLACEMENT_3D('',#2619,#2104,#2105);
#1890=AXIS2_PLACEMENT_3D('',#2620,#2106,#2107);
#1891=AXIS2_PLACEMENT_3D('',#2621,#2108,#2109);
#1892=AXIS2_PLACEMENT_3D('',#2622,#2110,#2111);
#1893=AXIS2_PLACEMENT_3D('',#2631,#2116,#2117);
#1894=AXIS2_PLACEMENT_3D('',#2640,#2122,#2123);
#1895=AXIS2_PLACEMENT_3D('',#2649,#2128,#2129);
#1896=AXIS2_PLACEMENT_3D('',#2658,#2134,#2135);
#1897=AXIS2_PLACEMENT_3D('',#2667,#2140,#2141);
#1898=AXIS2_PLACEMENT_3D('',#2676,#2146,#2147);
#1899=AXIS2_PLACEMENT_3D('',#2685,#2152,#2153);
#1900=AXIS2_PLACEMENT_3D('',#2709,#2165,#2166);
#1901=AXIS2_PLACEMENT_3D('',#2713,#2168,#2169);
#1902=AXIS2_PLACEMENT_3D('',#2714,#2170,#2171);
#1903=AXIS2_PLACEMENT_3D('',#2718,#2173,#2174);
#1904=AXIS2_PLACEMENT_3D('',#2722,#2176,#2177);
#1905=AXIS2_PLACEMENT_3D('',#2723,#2178,#2179);
#1906=AXIS2_PLACEMENT_3D('',#2734,#2188,#2189);
#1907=AXIS2_PLACEMENT_3D('',#2738,#2191,#2192);
#1908=AXIS2_PLACEMENT_3D('',#2739,#2193,#2194);
#1909=AXIS2_PLACEMENT_3D('',#2744,#2196,#2197);
#1910=AXIS2_PLACEMENT_3D('',#2752,#2202,#2203);
#1911=AXIS2_PLACEMENT_3D('',#2753,#2204,#2205);
#1912=AXIS2_PLACEMENT_3D('',#2757,#2207,#2208);
#1913=AXIS2_PLACEMENT_3D('',#2758,#2209,#2210);
#1914=AXIS2_PLACEMENT_3D('',#2764,#2214,#2215);
#1915=AXIS2_PLACEMENT_3D('',#2765,#2216,#2217);
#1916=AXIS2_PLACEMENT_3D('',#2769,#2219,#2220);
#1917=AXIS2_PLACEMENT_3D('',#2770,#2221,#2222);
#1918=AXIS2_PLACEMENT_3D('',#2787,#2231,#2232);
#1919=AXIS2_PLACEMENT_3D('',#2788,#2233,#2234);
#1920=AXIS2_PLACEMENT_3D('',#2789,#2235,#2236);
#1921=AXIS2_PLACEMENT_3D('',#2790,#2237,#2238);
#1922=AXIS2_PLACEMENT_3D('',#2791,#2239,#2240);
#1923=AXIS2_PLACEMENT_3D('',#2795,#2242,#2243);
#1924=AXIS2_PLACEMENT_3D('',#2796,#2244,#2245);
#1925=AXIS2_PLACEMENT_3D('',#2810,#2253,#2254);
#1926=AXIS2_PLACEMENT_3D('',#2811,#2255,#2256);
#1927=AXIS2_PLACEMENT_3D('',#2815,#2258,#2259);
#1928=AXIS2_PLACEMENT_3D('',#2816,#2260,#2261);
#1929=AXIS2_PLACEMENT_3D('',#2822,#2265,#2266);
#1930=AXIS2_PLACEMENT_3D('',#2823,#2267,#2268);
#1931=AXIS2_PLACEMENT_3D('',#2837,#2275,#2276);
#1932=AXIS2_PLACEMENT_3D('',#2840,#2278,#2279);
#1933=AXIS2_PLACEMENT_3D('',#2841,#2280,#2281);
#1934=AXIS2_PLACEMENT_3D('',#2842,#2282,#2283);
#1935=AXIS2_PLACEMENT_3D('',#2843,#2284,#2285);
#1936=AXIS2_PLACEMENT_3D('',#2844,#2286,#2287);
#1937=AXIS2_PLACEMENT_3D('',#2846,#2288,#2289);
#1938=AXIS2_PLACEMENT_3D('',#2849,#2291,#2292);
#1939=AXIS2_PLACEMENT_3D('',#2855,#2296,#2297);
#1940=AXIS2_PLACEMENT_3D('',#2859,#2299,#2300);
#1941=AXIS2_PLACEMENT_3D('',#2864,#2305,#2306);
#1942=AXIS2_PLACEMENT_3D('',#2870,#2309,#2310);
#1943=AXIS2_PLACEMENT_3D('',#2883,#2318,#2319);
#1944=AXIS2_PLACEMENT_3D('',#2886,#2322,#2323);
#1945=AXIS2_PLACEMENT_3D('',#2887,#2324,#2325);
#1946=AXIS2_PLACEMENT_3D('',#2889,#2326,#2327);
#1947=AXIS2_PLACEMENT_3D('',#2891,#2328,#2329);
#1948=AXIS2_PLACEMENT_3D('',#2893,#2330,#2331);
#1949=AXIS2_PLACEMENT_3D('',#2894,#2332,#2333);
#1950=AXIS2_PLACEMENT_3D('',#2895,#2334,#2335);
#1951=AXIS2_PLACEMENT_3D('',#2897,#2336,#2337);
#1952=AXIS2_PLACEMENT_3D('',#2899,#2338,#2339);
#1953=AXIS2_PLACEMENT_3D('',#2901,#2340,#2341);
#1954=AXIS2_PLACEMENT_3D('',#2902,#2342,#2343);
#1955=AXIS2_PLACEMENT_3D('',#2903,#2344,#2345);
#1956=AXIS2_PLACEMENT_3D('',#2905,#2346,#2347);
#1957=AXIS2_PLACEMENT_3D('',#2907,#2348,#2349);
#1958=AXIS2_PLACEMENT_3D('',#2909,#2350,#2351);
#1959=AXIS2_PLACEMENT_3D('',#2910,#2352,#2353);
#1960=AXIS2_PLACEMENT_3D('',#2911,#2354,#2355);
#1961=AXIS2_PLACEMENT_3D('',#2913,#2356,#2357);
#1962=AXIS2_PLACEMENT_3D('',#2915,#2358,#2359);
#1963=AXIS2_PLACEMENT_3D('',#2917,#2360,#2361);
#1964=AXIS2_PLACEMENT_3D('',#2918,#2362,#2363);
#1965=AXIS2_PLACEMENT_3D('',#2919,#2364,#2365);
#1966=AXIS2_PLACEMENT_3D('',#2924,#2368,#2369);
#1967=AXIS2_PLACEMENT_3D('',#2925,#2370,#2371);
#1968=AXIS2_PLACEMENT_3D('',#2930,#2374,#2375);
#1969=AXIS2_PLACEMENT_3D('',#2933,#2377,#2378);
#1970=AXIS2_PLACEMENT_3D('',#2936,#2380,#2381);
#1971=AXIS2_PLACEMENT_3D('',#2937,#2382,#2383);
#1972=AXIS2_PLACEMENT_3D('',#2939,#2384,#2385);
#1973=AXIS2_PLACEMENT_3D('',#2940,#2386,#2387);
#1974=AXIS2_PLACEMENT_3D('',#2945,#2390,#2391);
#1975=AXIS2_PLACEMENT_3D('',#2946,#2392,#2393);
#1976=AXIS2_PLACEMENT_3D('',#2948,#2394,#2395);
#1977=AXIS2_PLACEMENT_3D('',#2949,#2396,#2397);
#1978=AXIS2_PLACEMENT_3D('',#2951,#2398,#2399);
#1979=AXIS2_PLACEMENT_3D('',#2952,#2400,#2401);
#1980=AXIS2_PLACEMENT_3D('',#2954,#2402,#2403);
#1981=AXIS2_PLACEMENT_3D('',#2955,#2404,#2405);
#1982=AXIS2_PLACEMENT_3D('',#2956,#2406,#2407);
#1983=AXIS2_PLACEMENT_3D('',#2957,#2408,#2409);
#1984=AXIS2_PLACEMENT_3D('',#2958,#2410,#2411);
#1985=AXIS2_PLACEMENT_3D('',#2959,#2412,#2413);
#1986=AXIS2_PLACEMENT_3D('',#2960,#2414,#2415);
#1987=AXIS2_PLACEMENT_3D('',#2961,#2416,#2417);
#1988=AXIS2_PLACEMENT_3D('',#2962,#2418,#2419);
#1989=AXIS2_PLACEMENT_3D('',#2963,#2420,#2421);
#1990=AXIS2_PLACEMENT_3D('',#2964,#2422,#2423);
#1991=AXIS2_PLACEMENT_3D('',#2965,#2424,#2425);
#1992=AXIS2_PLACEMENT_3D('',#2966,#2426,#2427);
#1993=AXIS2_PLACEMENT_3D('',#2967,#2428,#2429);
#1994=AXIS2_PLACEMENT_3D('',#2968,#2430,#2431);
#1995=AXIS2_PLACEMENT_3D('',#2969,#2432,#2433);
#1996=AXIS2_PLACEMENT_3D('',#2970,#2434,#2435);
#1997=AXIS2_PLACEMENT_3D('',#2979,#2440,#2441);
#1998=AXIS2_PLACEMENT_3D('',#2985,#2445,#2446);
#1999=AXIS2_PLACEMENT_3D('',#2991,#2450,#2451);
#2000=AXIS2_PLACEMENT_3D('',#2997,#2455,#2456);
#2001=AXIS2_PLACEMENT_3D('',#3003,#2460,#2461);
#2002=AXIS2_PLACEMENT_3D('',#3009,#2465,#2466);
#2003=AXIS2_PLACEMENT_3D('',#3015,#2470,#2471);
#2004=AXIS2_PLACEMENT_3D('',#3021,#2475,#2476);
#2005=AXIS2_PLACEMENT_3D('',#3027,#2480,#2481);
#2006=AXIS2_PLACEMENT_3D('',#3033,#2485,#2486);
#2007=AXIS2_PLACEMENT_3D('',#3039,#2490,#2491);
#2008=AXIS2_PLACEMENT_3D('',#3042,#2494,#2495);
#2009=AXIS2_PLACEMENT_3D('',#3043,#2496,#2497);
#2010=AXIS2_PLACEMENT_3D('',#3044,#2498,#2499);
#2011=AXIS2_PLACEMENT_3D('',#3046,#2501,#2502);
#2012=AXIS2_PLACEMENT_3D('',#3048,#2504,#2505);
#2013=AXIS2_PLACEMENT_3D('',#3050,#2507,#2508);
#2014=AXIS2_PLACEMENT_3D('',#3052,#2510,#2511);
#2015=AXIS2_PLACEMENT_3D('',#3053,#2512,#2513);
#2016=AXIS2_PLACEMENT_3D('',#3056,#2516,#2517);
#2017=AXIS2_PLACEMENT_3D('',#3058,#2519,#2520);
#2018=AXIS2_PLACEMENT_3D('',#3059,#2521,#2522);
#2019=AXIS2_PLACEMENT_3D('',#3062,#2525,#2526);
#2020=AXIS2_PLACEMENT_3D('',#3064,#2528,#2529);
#2021=AXIS2_PLACEMENT_3D('',#3066,#2531,#2532);
#2022=AXIS2_PLACEMENT_3D('',#3068,#2534,#2535);
#2023=AXIS2_PLACEMENT_3D('',#3069,#2536,#2537);
#2024=AXIS2_PLACEMENT_3D('',#3070,#2538,#2539);
#2025=AXIS2_PLACEMENT_3D('',#3071,#2540,#2541);
#2026=AXIS2_PLACEMENT_3D('',#3072,#2542,#2543);
#2027=AXIS2_PLACEMENT_3D('',#3073,#2544,#2545);
#2028=AXIS2_PLACEMENT_3D('',#3074,#2546,#2547);
#2029=AXIS2_PLACEMENT_3D('',#3075,#2548,#2549);
#2030=DIRECTION('',(0.,0.,1.));
#2031=DIRECTION('',(1.,0.,0.));
#2032=DIRECTION('',(0.,0.,-1.));
#2033=DIRECTION('',(-1.,0.,0.));
#2034=DIRECTION('',(0.,0.,1.));
#2035=DIRECTION('',(1.,0.,0.));
#2036=DIRECTION('',(0.,0.,-1.));
#2037=DIRECTION('',(0.,0.,1.));
#2038=DIRECTION('',(1.,0.,0.));
#2039=DIRECTION('',(0.,0.,-1.));
#2040=DIRECTION('',(1.,0.,0.));
#2041=DIRECTION('',(0.,0.,-1.));
#2042=DIRECTION('',(0.,-1.,0.));
#2043=DIRECTION('',(0.,0.,-1.));
#2044=DIRECTION('',(0.,-1.,0.));
#2045=DIRECTION('',(0.,0.,-1.));
#2046=DIRECTION('',(-1.,0.,0.));
#2047=DIRECTION('',(0.,0.,1.));
#2048=DIRECTION('',(1.,0.,0.));
#2049=DIRECTION('',(0.,0.,-1.));
#2050=DIRECTION('',(0.,0.,1.));
#2051=DIRECTION('',(1.,0.,0.));
#2052=DIRECTION('',(0.,1.,0.));
#2053=DIRECTION('',(0.,0.,1.));
#2054=DIRECTION('',(1.,0.,0.));
#2055=DIRECTION('',(0.,0.,-1.));
#2056=DIRECTION('',(1.,0.,0.));
#2057=DIRECTION('',(0.,0.,-1.));
#2058=DIRECTION('',(-1.,0.,0.));
#2059=DIRECTION('',(0.,0.,1.));
#2060=DIRECTION('',(1.,0.,0.));
#2061=DIRECTION('',(0.,0.,-1.));
#2062=DIRECTION('',(0.,0.,1.));
#2063=DIRECTION('',(1.,0.,0.));
#2064=DIRECTION('',(-1.,0.,0.));
#2065=DIRECTION('',(0.,0.,1.));
#2066=DIRECTION('',(0.,1.,0.));
#2067=DIRECTION('',(0.,0.,-1.));
#2068=DIRECTION('',(0.,1.,0.));
#2069=DIRECTION('',(0.,0.,-1.));
#2070=DIRECTION('',(-1.,0.,0.));
#2071=DIRECTION('',(0.,0.,1.));
#2072=DIRECTION('',(1.,0.,0.));
#2073=DIRECTION('',(0.,0.,-1.));
#2074=DIRECTION('',(0.,0.,1.));
#2075=DIRECTION('',(1.,0.,0.));
#2076=DIRECTION('',(0.,0.,-1.));
#2077=DIRECTION('',(-1.,0.,0.));
#2078=DIRECTION('',(0.,0.,1.));
#2079=DIRECTION('',(1.,0.,0.));
#2080=DIRECTION('',(0.,0.,1.));
#2081=DIRECTION('',(1.,0.,0.));
#2082=DIRECTION('',(0.,0.,-1.));
#2083=DIRECTION('',(-1.,0.,0.));
#2084=DIRECTION('',(0.,0.,1.));
#2085=DIRECTION('',(1.,0.,0.));
#2086=DIRECTION('',(0.,0.,1.));
#2087=DIRECTION('',(1.,0.,0.));
#2088=DIRECTION('',(0.,0.,-1.));
#2089=DIRECTION('',(-1.,0.,0.));
#2090=DIRECTION('',(0.,0.,1.));
#2091=DIRECTION('',(1.,0.,0.));
#2092=DIRECTION('',(0.,0.,1.));
#2093=DIRECTION('',(1.,0.,0.));
#2094=DIRECTION('',(0.,-1.,0.));
#2095=DIRECTION('',(0.,0.,-1.));
#2096=DIRECTION('',(-1.,0.,0.));
#2097=DIRECTION('',(-1.,0.,0.));
#2098=DIRECTION('',(0.,0.,-1.));
#2099=DIRECTION('',(-1.,0.,0.));
#2100=DIRECTION('',(0.,0.,1.));
#2101=DIRECTION('',(1.,0.,0.));
#2102=DIRECTION('',(0.,0.,1.));
#2103=DIRECTION('',(1.,0.,0.));
#2104=DIRECTION('',(0.,0.,1.));
#2105=DIRECTION('',(1.,0.,0.));
#2106=DIRECTION('',(0.,0.,1.));
#2107=DIRECTION('',(1.,0.,0.));
#2108=DIRECTION('',(0.,0.,1.));
#2109=DIRECTION('',(1.,0.,0.));
#2110=DIRECTION('',(0.,0.,1.));
#2111=DIRECTION('',(1.,0.,0.));
#2112=DIRECTION('',(0.,1.,0.));
#2113=DIRECTION('',(1.,0.,0.));
#2114=DIRECTION('',(0.,-1.,0.));
#2115=DIRECTION('',(1.,0.,0.));
#2116=DIRECTION('',(0.,0.,1.));
#2117=DIRECTION('',(1.,0.,0.));
#2118=DIRECTION('',(0.,1.,0.));
#2119=DIRECTION('',(1.,0.,0.));
#2120=DIRECTION('',(0.,-1.,0.));
#2121=DIRECTION('',(1.,0.,0.));
#2122=DIRECTION('',(0.,0.,1.));
#2123=DIRECTION('',(1.,0.,0.));
#2124=DIRECTION('',(0.,1.,0.));
#2125=DIRECTION('',(1.,0.,0.));
#2126=DIRECTION('',(0.,-1.,0.));
#2127=DIRECTION('',(1.,0.,0.));
#2128=DIRECTION('',(0.,0.,-1.));
#2129=DIRECTION('',(-1.,0.,0.));
#2130=DIRECTION('',(1.,0.,0.));
#2131=DIRECTION('',(0.,-1.,0.));
#2132=DIRECTION('',(1.,0.,0.));
#2133=DIRECTION('',(0.,1.,0.));
#2134=DIRECTION('',(0.,0.,-1.));
#2135=DIRECTION('',(-1.,0.,0.));
#2136=DIRECTION('',(1.,0.,0.));
#2137=DIRECTION('',(0.,-1.,0.));
#2138=DIRECTION('',(1.,0.,0.));
#2139=DIRECTION('',(0.,1.,0.));
#2140=DIRECTION('',(0.,0.,-1.));
#2141=DIRECTION('',(-1.,0.,0.));
#2142=DIRECTION('',(1.,0.,0.));
#2143=DIRECTION('',(0.,-1.,0.));
#2144=DIRECTION('',(1.,0.,0.));
#2145=DIRECTION('',(0.,1.,0.));
#2146=DIRECTION('',(0.,0.,-1.));
#2147=DIRECTION('',(-1.,0.,0.));
#2148=DIRECTION('',(1.,0.,0.));
#2149=DIRECTION('',(0.,-1.,0.));
#2150=DIRECTION('',(-1.,0.,0.));
#2151=DIRECTION('',(0.,1.,0.));
#2152=DIRECTION('',(1.,0.,0.));
#2153=DIRECTION('',(0.,0.,-1.));
#2154=DIRECTION('',(0.,0.,-1.));
#2155=DIRECTION('',(0.,-1.,0.));
#2156=DIRECTION('',(0.,0.,-1.));
#2157=DIRECTION('',(0.,-1.,0.));
#2158=DIRECTION('',(0.,0.,-1.));
#2159=DIRECTION('',(0.,-1.,-1.224646799147E-16));
#2160=DIRECTION('',(0.,0.,1.));
#2161=DIRECTION('',(0.,-1.,0.));
#2162=DIRECTION('',(0.,0.,-1.));
#2163=DIRECTION('',(0.,-1.,0.));
#2164=DIRECTION('',(0.,0.,-1.));
#2165=DIRECTION('',(1.,0.,0.));
#2166=DIRECTION('',(0.,0.,-1.));
#2167=DIRECTION('',(0.,1.,0.));
#2168=DIRECTION('',(1.,0.,0.));
#2169=DIRECTION('',(0.,0.,-1.));
#2170=DIRECTION('',(0.,0.,-1.));
#2171=DIRECTION('',(-1.,0.,0.));
#2172=DIRECTION('',(0.,0.,-1.));
#2173=DIRECTION('',(0.,0.,1.));
#2174=DIRECTION('',(1.,0.,0.));
#2175=DIRECTION('',(0.,0.,-1.));
#2176=DIRECTION('',(1.499759782662E-32,1.224646799147E-16,-1.));
#2177=DIRECTION('',(0.,1.,1.224646799147E-16));
#2178=DIRECTION('',(-1.,0.,0.));
#2179=DIRECTION('',(0.,0.,1.));
#2180=DIRECTION('',(0.,0.,-1.));
#2181=DIRECTION('',(0.,0.,-1.));
#2182=DIRECTION('',(0.,0.,-1.));
#2183=DIRECTION('',(0.,0.,-1.));
#2184=DIRECTION('',(0.,0.,-1.));
#2185=DIRECTION('',(0.,0.,-1.));
#2186=DIRECTION('',(0.,0.,-1.));
#2187=DIRECTION('',(0.,1.,0.));
#2188=DIRECTION('',(-1.,0.,0.));
#2189=DIRECTION('',(0.,0.,1.));
#2190=DIRECTION('',(0.,0.,1.));
#2191=DIRECTION('',(-1.,0.,0.));
#2192=DIRECTION('',(0.,0.,1.));
#2193=DIRECTION('',(-1.,0.,0.));
#2194=DIRECTION('',(0.,0.,1.));
#2195=DIRECTION('',(0.,0.,-1.));
#2196=DIRECTION('',(-1.,0.,0.));
#2197=DIRECTION('',(0.,0.,1.));
#2198=DIRECTION('',(0.,0.,-1.));
#2199=DIRECTION('',(0.,1.,0.));
#2200=DIRECTION('',(0.,0.,-1.));
#2201=DIRECTION('',(0.,1.,1.224646799147E-16));
#2202=DIRECTION('',(0.,0.,-1.));
#2203=DIRECTION('',(-1.,0.,0.));
#2204=DIRECTION('',(0.,0.,1.));
#2205=DIRECTION('',(1.,0.,0.));
#2206=DIRECTION('',(0.,0.,-1.));
#2207=DIRECTION('',(1.499759782662E-32,1.224646799147E-16,-1.));
#2208=DIRECTION('',(0.,1.,1.224646799147E-16));
#2209=DIRECTION('',(0.,1.,0.));
#2210=DIRECTION('',(0.,0.,1.));
#2211=DIRECTION('',(1.,0.,0.));
#2212=DIRECTION('',(0.,0.,-1.));
#2213=DIRECTION('',(1.,0.,1.499759782662E-32));
#2214=DIRECTION('',(0.,0.,-1.));
#2215=DIRECTION('',(-1.,0.,0.));
#2216=DIRECTION('',(0.,0.,1.));
#2217=DIRECTION('',(1.,0.,0.));
#2218=DIRECTION('',(0.,0.,-1.));
#2219=DIRECTION('',(1.499759782662E-32,1.224646799147E-16,-1.));
#2220=DIRECTION('',(0.,1.,1.224646799147E-16));
#2221=DIRECTION('',(0.,-1.,0.));
#2222=DIRECTION('',(0.,0.,-1.));
#2223=DIRECTION('',(0.,0.,-1.));
#2224=DIRECTION('',(-1.,0.,0.));
#2225=DIRECTION('',(0.,0.,1.));
#2226=DIRECTION('',(-1.,0.,-1.499759782662E-32));
#2227=DIRECTION('',(0.,0.,-1.));
#2228=DIRECTION('',(-1.,0.,0.));
#2229=DIRECTION('',(0.,0.,-1.));
#2230=DIRECTION('',(-1.,0.,0.));
#2231=DIRECTION('',(0.,0.,-1.));
#2232=DIRECTION('',(-1.,0.,0.));
#2233=DIRECTION('',(0.,0.,1.));
#2234=DIRECTION('',(1.,0.,0.));
#2235=DIRECTION('',(0.,0.,-1.));
#2236=DIRECTION('',(-1.,0.,0.));
#2237=DIRECTION('',(0.,0.,-1.));
#2238=DIRECTION('',(-1.,0.,0.));
#2239=DIRECTION('',(0.,0.,1.));
#2240=DIRECTION('',(1.,0.,0.));
#2241=DIRECTION('',(0.,0.,-1.));
#2242=DIRECTION('',(0.,0.,-1.));
#2243=DIRECTION('',(-1.,0.,0.));
#2244=DIRECTION('',(0.,1.,0.));
#2245=DIRECTION('',(0.,0.,1.));
#2246=DIRECTION('',(1.,0.,1.499759782662E-32));
#2247=DIRECTION('',(0.,0.,-1.));
#2248=DIRECTION('',(1.,0.,0.));
#2249=DIRECTION('',(1.,0.,0.));
#2250=DIRECTION('',(0.,0.,-1.));
#2251=DIRECTION('',(1.,0.,0.));
#2252=DIRECTION('',(0.,0.,1.));
#2253=DIRECTION('',(0.,0.,-1.));
#2254=DIRECTION('',(-1.,0.,0.));
#2255=DIRECTION('',(0.,0.,1.));
#2256=DIRECTION('',(1.,0.,0.));
#2257=DIRECTION('',(0.,0.,-1.));
#2258=DIRECTION('',(0.,0.,-1.));
#2259=DIRECTION('',(-1.,0.,0.));
#2260=DIRECTION('',(0.,-1.,0.));
#2261=DIRECTION('',(0.,0.,-1.));
#2262=DIRECTION('',(0.,0.,-1.));
#2263=DIRECTION('',(-1.,0.,0.));
#2264=DIRECTION('',(-1.,0.,-1.499759782662E-32));
#2265=DIRECTION('',(1.,0.,0.));
#2266=DIRECTION('',(0.,0.,-1.));
#2267=DIRECTION('',(1.,0.,0.));
#2268=DIRECTION('',(0.,0.,-1.));
#2269=DIRECTION('',(0.,0.,1.));
#2270=DIRECTION('',(0.,-1.,0.));
#2271=DIRECTION('',(0.,0.,-1.));
#2272=DIRECTION('',(0.,-1.,-1.224646799147E-16));
#2273=DIRECTION('',(0.,-1.,0.));
#2274=DIRECTION('',(0.,0.,1.));
#2275=DIRECTION('',(1.,0.,0.));
#2276=DIRECTION('',(0.,0.,-1.));
#2277=DIRECTION('',(0.,-1.,0.));
#2278=DIRECTION('',(0.,0.,-1.));
#2279=DIRECTION('',(-1.,0.,0.));
#2280=DIRECTION('',(0.,0.,1.));
#2281=DIRECTION('',(1.,0.,0.));
#2282=DIRECTION('',(1.499759782662E-32,1.224646799147E-16,-1.));
#2283=DIRECTION('',(0.,1.,1.224646799147E-16));
#2284=DIRECTION('',(0.,0.,-1.));
#2285=DIRECTION('',(-1.,0.,0.));
#2286=DIRECTION('',(0.,0.,1.));
#2287=DIRECTION('',(1.,0.,0.));
#2288=DIRECTION('',(0.,0.,-1.));
#2289=DIRECTION('',(-1.,0.,0.));
#2290=DIRECTION('',(0.,0.,-1.));
#2291=DIRECTION('',(-1.,0.,0.));
#2292=DIRECTION('',(0.,0.,1.));
#2293=DIRECTION('',(0.,0.,-1.));
#2294=DIRECTION('',(0.,0.,-1.));
#2295=DIRECTION('',(0.,0.,-1.));
#2296=DIRECTION('',(-1.,0.,0.));
#2297=DIRECTION('',(0.,0.,1.));
#2298=DIRECTION('',(0.,0.,1.));
#2299=DIRECTION('',(-1.,0.,0.));
#2300=DIRECTION('',(0.,0.,1.));
#2301=DIRECTION('',(0.,0.,-1.));
#2302=DIRECTION('',(0.,0.,-1.));
#2303=DIRECTION('',(0.,0.,-1.));
#2304=DIRECTION('',(0.,0.,-1.));
#2305=DIRECTION('',(-1.,0.,0.));
#2306=DIRECTION('',(0.,0.,1.));
#2307=DIRECTION('',(0.,-1.,0.));
#2308=DIRECTION('',(0.,0.,-1.));
#2309=DIRECTION('',(-1.,0.,0.));
#2310=DIRECTION('',(0.,0.,1.));
#2311=DIRECTION('',(0.,0.,-1.));
#2312=DIRECTION('',(0.,1.,1.224646799147E-16));
#2313=DIRECTION('',(0.,0.,1.));
#2314=DIRECTION('',(0.,1.,0.));
#2315=DIRECTION('',(0.,1.,0.));
#2316=DIRECTION('',(0.,1.,0.));
#2317=DIRECTION('',(0.,0.,-1.));
#2318=DIRECTION('',(0.,0.,1.));
#2319=DIRECTION('',(1.,0.,0.));
#2320=DIRECTION('',(1.,0.,0.));
#2321=DIRECTION('',(1.,0.,0.));
#2322=DIRECTION('',(0.,0.,-1.));
#2323=DIRECTION('',(1.,0.,0.));
#2324=DIRECTION('',(0.,0.,-1.));
#2325=DIRECTION('',(-1.,0.,0.));
#2326=DIRECTION('',(0.,0.,-1.));
#2327=DIRECTION('',(-1.,0.,0.));
#2328=DIRECTION('',(0.,0.,-1.));
#2329=DIRECTION('',(-1.,0.,0.));
#2330=DIRECTION('',(0.,0.,-1.));
#2331=DIRECTION('',(-1.,0.,0.));
#2332=DIRECTION('',(0.,0.,-1.));
#2333=DIRECTION('',(1.,0.,0.));
#2334=DIRECTION('',(0.,0.,-1.));
#2335=DIRECTION('',(-1.,0.,0.));
#2336=DIRECTION('',(0.,0.,-1.));
#2337=DIRECTION('',(-1.,0.,0.));
#2338=DIRECTION('',(0.,0.,1.));
#2339=DIRECTION('',(-1.,0.,0.));
#2340=DIRECTION('',(0.,0.,-1.));
#2341=DIRECTION('',(-1.,0.,0.));
#2342=DIRECTION('',(0.,0.,-1.));
#2343=DIRECTION('',(1.,0.,0.));
#2344=DIRECTION('',(0.,0.,-1.));
#2345=DIRECTION('',(-1.,0.,0.));
#2346=DIRECTION('',(0.,0.,-1.));
#2347=DIRECTION('',(-1.,0.,0.));
#2348=DIRECTION('',(0.,0.,-1.));
#2349=DIRECTION('',(-1.,0.,0.));
#2350=DIRECTION('',(0.,0.,-1.));
#2351=DIRECTION('',(-1.,0.,0.));
#2352=DIRECTION('',(0.,0.,-1.));
#2353=DIRECTION('',(1.,0.,0.));
#2354=DIRECTION('',(0.,0.,-1.));
#2355=DIRECTION('',(-1.,0.,0.));
#2356=DIRECTION('',(0.,0.,-1.));
#2357=DIRECTION('',(-1.,0.,0.));
#2358=DIRECTION('',(0.,0.,1.));
#2359=DIRECTION('',(-1.,0.,0.));
#2360=DIRECTION('',(0.,0.,-1.));
#2361=DIRECTION('',(-1.,0.,0.));
#2362=DIRECTION('',(0.,0.,1.));
#2363=DIRECTION('',(1.,0.,0.));
#2364=DIRECTION('',(1.499759782662E-32,1.224646799147E-16,-1.));
#2365=DIRECTION('',(0.,1.,1.224646799147E-16));
#2366=DIRECTION('',(0.,0.,1.));
#2367=DIRECTION('',(0.,0.,1.));
#2368=DIRECTION('',(0.,0.,1.));
#2369=DIRECTION('',(1.,0.,0.));
#2370=DIRECTION('',(1.499759782662E-32,1.224646799147E-16,-1.));
#2371=DIRECTION('',(0.,1.,1.224646799147E-16));
#2372=DIRECTION('',(0.,0.,1.));
#2373=DIRECTION('',(0.,0.,1.));
#2374=DIRECTION('',(0.,0.,1.));
#2375=DIRECTION('',(1.,0.,0.));
#2376=DIRECTION('',(0.,0.,1.));
#2377=DIRECTION('',(1.499759782662E-32,1.224646799147E-16,-1.));
#2378=DIRECTION('',(0.,1.,1.224646799147E-16));
#2379=DIRECTION('',(0.,0.,1.));
#2380=DIRECTION('',(0.,0.,1.));
#2381=DIRECTION('',(1.,0.,0.));
#2382=DIRECTION('',(1.499759782662E-32,1.224646799147E-16,-1.));
#2383=DIRECTION('',(0.,1.,1.224646799147E-16));
#2384=DIRECTION('',(0.,0.,1.));
#2385=DIRECTION('',(1.,0.,0.));
#2386=DIRECTION('',(1.499759782662E-32,1.224646799147E-16,-1.));
#2387=DIRECTION('',(0.,1.,1.224646799147E-16));
#2388=DIRECTION('',(0.,0.,1.));
#2389=DIRECTION('',(0.,0.,1.));
#2390=DIRECTION('',(0.,0.,1.));
#2391=DIRECTION('',(1.,0.,0.));
#2392=DIRECTION('',(1.499759782662E-32,1.224646799147E-16,-1.));
#2393=DIRECTION('',(0.,1.,1.224646799147E-16));
#2394=DIRECTION('',(0.,0.,1.));
#2395=DIRECTION('',(1.,0.,0.));
#2396=DIRECTION('',(1.499759782662E-32,1.224646799147E-16,-1.));
#2397=DIRECTION('',(0.,1.,1.224646799147E-16));
#2398=DIRECTION('',(0.,0.,1.));
#2399=DIRECTION('',(1.,0.,0.));
#2400=DIRECTION('',(1.499759782662E-32,1.224646799147E-16,-1.));
#2401=DIRECTION('',(0.,1.,1.224646799147E-16));
#2402=DIRECTION('',(0.,0.,1.));
#2403=DIRECTION('',(1.,0.,0.));
#2404=DIRECTION('',(1.499759782662E-32,1.224646799147E-16,-1.));
#2405=DIRECTION('',(0.,1.,1.224646799147E-16));
#2406=DIRECTION('',(0.,0.,1.));
#2407=DIRECTION('',(1.,0.,0.));
#2408=DIRECTION('',(1.499759782662E-32,1.224646799147E-16,-1.));
#2409=DIRECTION('',(0.,1.,1.224646799147E-16));
#2410=DIRECTION('',(0.,0.,1.));
#2411=DIRECTION('',(1.,0.,0.));
#2412=DIRECTION('',(1.499759782662E-32,1.224646799147E-16,-1.));
#2413=DIRECTION('',(0.,1.,1.224646799147E-16));
#2414=DIRECTION('',(0.,0.,1.));
#2415=DIRECTION('',(1.,0.,0.));
#2416=DIRECTION('',(1.499759782662E-32,1.224646799147E-16,-1.));
#2417=DIRECTION('',(0.,1.,1.224646799147E-16));
#2418=DIRECTION('',(0.,0.,1.));
#2419=DIRECTION('',(1.,0.,0.));
#2420=DIRECTION('',(1.499759782662E-32,1.224646799147E-16,-1.));
#2421=DIRECTION('',(0.,1.,1.224646799147E-16));
#2422=DIRECTION('',(0.,0.,1.));
#2423=DIRECTION('',(1.,0.,0.));
#2424=DIRECTION('',(1.499759782662E-32,1.224646799147E-16,-1.));
#2425=DIRECTION('',(0.,1.,1.224646799147E-16));
#2426=DIRECTION('',(0.,0.,1.));
#2427=DIRECTION('',(1.,0.,0.));
#2428=DIRECTION('',(1.499759782662E-32,1.224646799147E-16,-1.));
#2429=DIRECTION('',(0.,1.,1.224646799147E-16));
#2430=DIRECTION('',(0.,0.,1.));
#2431=DIRECTION('',(1.,0.,0.));
#2432=DIRECTION('',(1.499759782662E-32,1.224646799147E-16,-1.));
#2433=DIRECTION('',(0.,1.,1.224646799147E-16));
#2434=DIRECTION('',(1.,-1.87170401656647E-48,1.499759782662E-32));
#2435=DIRECTION('',(1.499759782662E-32,0.,-1.));
#2436=DIRECTION('',(3.50279992400579E-50,1.,1.224646799147E-16));
#2437=DIRECTION('',(-1.499759782662E-32,-1.224646799147E-16,1.));
#2438=DIRECTION('',(3.50279992400579E-50,1.,1.224646799147E-16));
#2439=DIRECTION('',(-1.499759782662E-32,-1.224646799147E-16,1.));
#2440=DIRECTION('',(0.,1.,1.224646799147E-16));
#2441=DIRECTION('',(0.,-1.224646799147E-16,1.));
#2442=DIRECTION('',(-1.,1.83667601732642E-48,-1.499759782662E-32));
#2443=DIRECTION('',(-1.499759782662E-32,-1.224646799147E-16,1.));
#2444=DIRECTION('',(-1.,1.83667601732642E-48,-1.499759782662E-32));
#2445=DIRECTION('',(1.,-1.2480025389428E-16,-2.86025319816281E-34));
#2446=DIRECTION('',(1.2480025389428E-16,1.,0.));
#2447=DIRECTION('',(1.2480025389428E-16,1.,1.224646799147E-16));
#2448=DIRECTION('',(-1.499759782662E-32,-1.224646799147E-16,1.));
#2449=DIRECTION('',(1.2480025389428E-16,1.,1.224646799147E-16));
#2450=DIRECTION('',(0.,1.,1.224646799147E-16));
#2451=DIRECTION('',(0.,-1.224646799147E-16,1.));
#2452=DIRECTION('',(-1.,1.83667601732642E-48,-1.499759782662E-32));
#2453=DIRECTION('',(-1.499759782662E-32,-1.224646799147E-16,1.));
#2454=DIRECTION('',(-1.,1.83667601732642E-48,-1.499759782662E-32));
#2455=DIRECTION('',(-1.,1.87170401656647E-48,-1.499759782662E-32));
#2456=DIRECTION('',(-1.499759782662E-32,0.,1.));
#2457=DIRECTION('',(-3.50279992400579E-50,-1.,-1.224646799147E-16));
#2458=DIRECTION('',(-1.499759782662E-32,-1.224646799147E-16,1.));
#2459=DIRECTION('',(-3.50279992400579E-50,-1.,-1.224646799147E-16));
#2460=DIRECTION('',(0.,1.,1.224646799147E-16));
#2461=DIRECTION('',(0.,-1.224646799147E-16,1.));
#2462=DIRECTION('',(-1.,1.83667601732642E-48,-1.499759782662E-32));
#2463=DIRECTION('',(-1.499759782662E-32,-1.224646799147E-16,1.));
#2464=DIRECTION('',(-1.,1.83667601732642E-48,-1.499759782662E-32));
#2465=DIRECTION('',(-1.,-7.69619998215088E-17,-2.44227245003562E-32));
#2466=DIRECTION('',(7.69619998215088E-17,-1.,0.));
#2467=DIRECTION('',(7.69619998215088E-17,-1.,-1.224646799147E-16));
#2468=DIRECTION('',(-1.499759782662E-32,-1.224646799147E-16,1.));
#2469=DIRECTION('',(7.69619998215088E-17,-1.,-1.224646799147E-16));
#2470=DIRECTION('',(0.,1.,1.224646799147E-16));
#2471=DIRECTION('',(0.,-1.224646799147E-16,1.));
#2472=DIRECTION('',(-1.,1.83667601732642E-48,-1.499759782662E-32));
#2473=DIRECTION('',(-1.499759782662E-32,-1.224646799147E-16,1.));
#2474=DIRECTION('',(-1.,1.83667601732642E-48,-1.499759782662E-32));
#2475=DIRECTION('',(-1.,1.73136768188309E-48,-1.499759782662E-32));
#2476=DIRECTION('',(-1.499759782662E-32,0.,1.));
#2477=DIRECTION('',(1.05308335443336E-49,-1.,-1.224646799147E-16));
#2478=DIRECTION('',(-1.499759782662E-32,-1.224646799147E-16,1.));
#2479=DIRECTION('',(1.05308335443336E-49,-1.,-1.224646799147E-16));
#2480=DIRECTION('',(0.,1.,1.224646799147E-16));
#2481=DIRECTION('',(0.,-1.224646799147E-16,1.));
#2482=DIRECTION('',(-1.,1.83667601732642E-48,-1.499759782662E-32));
#2483=DIRECTION('',(-1.499759782662E-32,-1.224646799147E-16,1.));
#2484=DIRECTION('',(-1.,1.83667601732642E-48,-1.499759782662E-32));
#2485=DIRECTION('',(-1.,2.4960050778856E-16,1.55696484662526E-32));
#2486=DIRECTION('',(-2.4960050778856E-16,-1.,0.));
#2487=DIRECTION('',(-2.4960050778856E-16,-1.,-1.224646799147E-16));
#2488=DIRECTION('',(-1.499759782662E-32,-1.224646799147E-16,1.));
#2489=DIRECTION('',(-2.4960050778856E-16,-1.,-1.224646799147E-16));
#2490=DIRECTION('',(0.,-1.,-1.224646799147E-16));
#2491=DIRECTION('',(0.,1.224646799147E-16,-1.));
#2492=DIRECTION('',(1.,-1.83667601732642E-48,1.499759782662E-32));
#2493=DIRECTION('',(1.,-1.83667601732642E-48,1.499759782662E-32));
#2494=DIRECTION('',(1.499759782662E-32,1.224646799147E-16,-1.));
#2495=DIRECTION('',(1.,-1.83667601732642E-48,1.499759782662E-32));
#2496=DIRECTION('',(1.499759782662E-32,1.224646799147E-16,-1.));
#2497=DIRECTION('',(1.,-1.83667601732642E-48,1.499759782662E-32));
#2498=DIRECTION('',(0.,1.,0.));
#2499=DIRECTION('',(0.,0.,1.));
#2500=DIRECTION('',(1.,0.,0.));
#2501=DIRECTION('',(1.,0.,0.));
#2502=DIRECTION('',(0.,0.,-1.));
#2503=DIRECTION('',(1.,0.,0.));
#2504=DIRECTION('',(0.,1.,0.));
#2505=DIRECTION('',(0.,0.,1.));
#2506=DIRECTION('',(1.,0.,0.));
#2507=DIRECTION('',(1.,0.,0.));
#2508=DIRECTION('',(0.,0.,-1.));
#2509=DIRECTION('',(1.,0.,0.));
#2510=DIRECTION('',(0.,0.,1.));
#2511=DIRECTION('',(1.,0.,0.));
#2512=DIRECTION('',(-1.,0.,0.));
#2513=DIRECTION('',(0.,0.,1.));
#2514=DIRECTION('',(-1.,0.,0.));
#2515=DIRECTION('',(-1.,0.,0.));
#2516=DIRECTION('',(0.,-1.,0.));
#2517=DIRECTION('',(0.,0.,-1.));
#2518=DIRECTION('',(-1.,0.,0.));
#2519=DIRECTION('',(-1.,0.,0.));
#2520=DIRECTION('',(0.,0.,1.));
#2521=DIRECTION('',(-1.,0.,0.));
#2522=DIRECTION('',(0.,0.,1.));
#2523=DIRECTION('',(-1.,0.,0.));
#2524=DIRECTION('',(-1.,0.,0.));
#2525=DIRECTION('',(0.,1.,0.));
#2526=DIRECTION('',(0.,0.,1.));
#2527=DIRECTION('',(-1.,0.,0.));
#2528=DIRECTION('',(-1.,0.,0.));
#2529=DIRECTION('',(0.,0.,1.));
#2530=DIRECTION('',(-1.,0.,0.));
#2531=DIRECTION('',(0.,0.,1.));
#2532=DIRECTION('',(1.,0.,0.));
#2533=DIRECTION('',(1.,0.,0.));
#2534=DIRECTION('',(0.,1.,0.));
#2535=DIRECTION('',(0.,0.,1.));
#2536=DIRECTION('',(0.,1.,0.));
#2537=DIRECTION('',(0.,0.,1.));
#2538=DIRECTION('',(0.,1.,0.));
#2539=DIRECTION('',(0.,0.,1.));
#2540=DIRECTION('',(0.,1.,0.));
#2541=DIRECTION('',(0.,0.,1.));
#2542=DIRECTION('',(0.,1.,0.));
#2543=DIRECTION('',(0.,0.,1.));
#2544=DIRECTION('',(0.,1.,0.));
#2545=DIRECTION('',(0.,0.,1.));
#2546=DIRECTION('',(0.,1.,0.));
#2547=DIRECTION('',(0.,0.,1.));
#2548=DIRECTION('',(0.,-1.,0.));
#2549=DIRECTION('',(0.,0.,-1.));
#2550=CARTESIAN_POINT('',(0.,0.,0.));
#2551=CARTESIAN_POINT('',(0.04599999957409,-0.04099999957409,0.01611));
#2552=CARTESIAN_POINT('',(0.04599999957409,-0.04099999957409,0.01411));
#2553=CARTESIAN_POINT('',(0.0529,-0.04099999957409,0.01411));
#2554=CARTESIAN_POINT('',(0.04599999957409,-0.0479,0.01411));
#2555=CARTESIAN_POINT('',(0.0529,-0.04099999957409,0.01611));
#2556=CARTESIAN_POINT('',(0.0529,-0.04099999957409,0.01611));
#2557=CARTESIAN_POINT('',(0.04599999957409,-0.04099999957409,0.01611));
#2558=CARTESIAN_POINT('',(0.04599999957409,-0.0479,0.01611));
#2559=CARTESIAN_POINT('',(0.04599999957409,-0.0479,0.01611));
#2560=CARTESIAN_POINT('',(0.0529,0.,0.01611));
#2561=CARTESIAN_POINT('',(0.0529,0.,0.01411));
#2562=CARTESIAN_POINT('',(0.0529,0.04099999957409,0.01411));
#2563=CARTESIAN_POINT('',(0.0529,0.04099999957409,0.01611));
#2564=CARTESIAN_POINT('',(0.0529,0.04099999957409,0.01611));
#2565=CARTESIAN_POINT('',(0.0529,0.,0.01611));
#2566=CARTESIAN_POINT('',(0.04599999957409,0.04099999957409,0.01611));
#2567=CARTESIAN_POINT('',(0.04599999957409,0.04099999957409,0.01411));
#2568=CARTESIAN_POINT('',(0.04599999957409,0.0479,0.01411));
#2569=CARTESIAN_POINT('',(0.04599999957409,0.0479,0.01611));
#2570=CARTESIAN_POINT('',(0.04599999957409,0.0479,0.01611));
#2571=CARTESIAN_POINT('',(0.04599999957409,0.04099999957409,0.01611));
#2572=CARTESIAN_POINT('',(0.,0.0479,0.01611));
#2573=CARTESIAN_POINT('',(0.,0.0479,0.01411));
#2574=CARTESIAN_POINT('',(-0.04599999957409,0.0479,0.01411));
#2575=CARTESIAN_POINT('',(-0.04599999957409,0.0479,0.01611));
#2576=CARTESIAN_POINT('',(-0.04599999957409,0.0479,0.01611));
#2577=CARTESIAN_POINT('',(0.,0.0479,0.01611));
#2578=CARTESIAN_POINT('',(-0.04599999957409,0.04099999957409,0.01611));
#2579=CARTESIAN_POINT('',(-0.04599999957409,0.04099999957409,0.01411));
#2580=CARTESIAN_POINT('',(-0.0529,0.04099999957409,0.01411));
#2581=CARTESIAN_POINT('',(-0.0529,0.04099999957409,0.01611));
#2582=CARTESIAN_POINT('',(-0.0529,0.04099999957409,0.01611));
#2583=CARTESIAN_POINT('',(-0.04599999957409,0.04099999957409,0.01611));
#2584=CARTESIAN_POINT('',(-0.0529,0.,0.01611));
#2585=CARTESIAN_POINT('',(-0.0529,0.,0.01411));
#2586=CARTESIAN_POINT('',(-0.0529,-0.04099999957409,0.01411));
#2587=CARTESIAN_POINT('',(-0.0529,-0.04099999957409,0.01611));
#2588=CARTESIAN_POINT('',(-0.0529,-0.04099999957409,0.01611));
#2589=CARTESIAN_POINT('',(-0.0529,0.,0.01611));
#2590=CARTESIAN_POINT('',(-0.04599999957409,-0.04099999957409,0.01611));
#2591=CARTESIAN_POINT('',(-0.04599999957409,-0.04099999957409,0.01411));
#2592=CARTESIAN_POINT('',(-0.04599999957409,-0.0479,0.01411));
#2593=CARTESIAN_POINT('',(-0.04599999957409,-0.0479,0.01611));
#2594=CARTESIAN_POINT('',(-0.04599999957409,-0.0479,0.01611));
#2595=CARTESIAN_POINT('',(-0.04599999957409,-0.04099999957409,0.01611));
#2596=CARTESIAN_POINT('',(0.046,0.041,0.01611));
#2597=CARTESIAN_POINT('',(0.046,0.041,0.01611));
#2598=CARTESIAN_POINT('',(0.0476,0.041,0.01611));
#2599=CARTESIAN_POINT('',(0.046,0.041,0.01411));
#2600=CARTESIAN_POINT('',(0.0476,0.041,0.01411));
#2601=CARTESIAN_POINT('',(-0.046,0.041,0.01611));
#2602=CARTESIAN_POINT('',(-0.046,0.041,0.01611));
#2603=CARTESIAN_POINT('',(-0.0444,0.041,0.01611));
#2604=CARTESIAN_POINT('',(-0.046,0.041,0.01411));
#2605=CARTESIAN_POINT('',(-0.0444,0.041,0.01411));
#2606=CARTESIAN_POINT('',(-0.046,-0.041,0.01611));
#2607=CARTESIAN_POINT('',(-0.046,-0.041,0.01611));
#2608=CARTESIAN_POINT('',(-0.0444,-0.041,0.01611));
#2609=CARTESIAN_POINT('',(-0.046,-0.041,0.01411));
#2610=CARTESIAN_POINT('',(-0.0444,-0.041,0.01411));
#2611=CARTESIAN_POINT('',(0.,-0.0479,0.01611));
#2612=CARTESIAN_POINT('',(0.,-0.0479,0.01411));
#2613=CARTESIAN_POINT('',(0.,-0.0479,0.01611));
#2614=CARTESIAN_POINT('',(0.046,-0.041,0.01611));
#2615=CARTESIAN_POINT('',(0.046,-0.041,0.01611));
#2616=CARTESIAN_POINT('',(0.0476,-0.041,0.01611));
#2617=CARTESIAN_POINT('',(0.046,-0.041,0.01411));
#2618=CARTESIAN_POINT('',(0.0476,-0.041,0.01411));
#2619=CARTESIAN_POINT('',(0.,0.,0.01611));
#2620=CARTESIAN_POINT('',(0.,0.,0.01411));
#2621=CARTESIAN_POINT('',(0.,0.,0.));
#2622=CARTESIAN_POINT('',(-0.050398,-0.01045,0.00502));
#2623=CARTESIAN_POINT('',(-0.0529,-0.01045,0.00502));
#2624=CARTESIAN_POINT('',(-0.0529,-0.009135,0.00502));
#2625=CARTESIAN_POINT('',(-0.0529,-0.007835,0.00502));
#2626=CARTESIAN_POINT('',(-0.05165,-0.007835,0.00502));
#2627=CARTESIAN_POINT('',(-0.0504,-0.007835,0.00502));
#2628=CARTESIAN_POINT('',(-0.0504,-0.01045,0.00502));
#2629=CARTESIAN_POINT('',(-0.0504,-0.009135,0.00502));
#2630=CARTESIAN_POINT('',(-0.05165,-0.009135,0.00502));
#2631=CARTESIAN_POINT('',(-0.050398,-0.01045,0.00502));
#2632=CARTESIAN_POINT('',(-0.0529,-0.01045,0.00502));
#2633=CARTESIAN_POINT('',(-0.0529,-0.011035,0.00502));
#2634=CARTESIAN_POINT('',(-0.0529,-0.009735,0.00502));
#2635=CARTESIAN_POINT('',(-0.05165,-0.009735,0.00502));
#2636=CARTESIAN_POINT('',(-0.0504,-0.009735,0.00502));
#2637=CARTESIAN_POINT('',(-0.0504,-0.01045,0.00502));
#2638=CARTESIAN_POINT('',(-0.0504,-0.011035,0.00502));
#2639=CARTESIAN_POINT('',(-0.05165,-0.011035,0.00502));
#2640=CARTESIAN_POINT('',(-0.050398,-0.01045,0.00502));
#2641=CARTESIAN_POINT('',(-0.0529,-0.01045,0.00502));
#2642=CARTESIAN_POINT('',(-0.0529,-0.012935,0.00502));
#2643=CARTESIAN_POINT('',(-0.0529,-0.011635,0.00502));
#2644=CARTESIAN_POINT('',(-0.05165,-0.011635,0.00502));
#2645=CARTESIAN_POINT('',(-0.0504,-0.011635,0.00502));
#2646=CARTESIAN_POINT('',(-0.0504,-0.01045,0.00502));
#2647=CARTESIAN_POINT('',(-0.0504,-0.012935,0.00502));
#2648=CARTESIAN_POINT('',(-0.05165,-0.012935,0.00502));
#2649=CARTESIAN_POINT('',(-0.050398,-0.01045,0.00121));
#2650=CARTESIAN_POINT('',(-0.05165,-0.007835,0.00121));
#2651=CARTESIAN_POINT('',(-0.0529,-0.007835,0.00121));
#2652=CARTESIAN_POINT('',(-0.0504,-0.007835,0.00121));
#2653=CARTESIAN_POINT('',(-0.0529,-0.01045,0.00121));
#2654=CARTESIAN_POINT('',(-0.0529,-0.009135,0.00121));
#2655=CARTESIAN_POINT('',(-0.05165,-0.009135,0.00121));
#2656=CARTESIAN_POINT('',(-0.0504,-0.009135,0.00121));
#2657=CARTESIAN_POINT('',(-0.0504,-0.01045,0.00121));
#2658=CARTESIAN_POINT('',(-0.050398,-0.01045,0.00121));
#2659=CARTESIAN_POINT('',(-0.05165,-0.009735,0.00121));
#2660=CARTESIAN_POINT('',(-0.0529,-0.009735,0.00121));
#2661=CARTESIAN_POINT('',(-0.0504,-0.009735,0.00121));
#2662=CARTESIAN_POINT('',(-0.0529,-0.01045,0.00121));
#2663=CARTESIAN_POINT('',(-0.0529,-0.011035,0.00121));
#2664=CARTESIAN_POINT('',(-0.05165,-0.011035,0.00121));
#2665=CARTESIAN_POINT('',(-0.0504,-0.011035,0.00121));
#2666=CARTESIAN_POINT('',(-0.0504,-0.01045,0.00121));
#2667=CARTESIAN_POINT('',(-0.050398,-0.01045,0.00121));
#2668=CARTESIAN_POINT('',(-0.05165,-0.011635,0.00121));
#2669=CARTESIAN_POINT('',(-0.0529,-0.011635,0.00121));
#2670=CARTESIAN_POINT('',(-0.0504,-0.011635,0.00121));
#2671=CARTESIAN_POINT('',(-0.0529,-0.01045,0.00121));
#2672=CARTESIAN_POINT('',(-0.0529,-0.012935,0.00121));
#2673=CARTESIAN_POINT('',(-0.05165,-0.012935,0.00121));
#2674=CARTESIAN_POINT('',(-0.0504,-0.012935,0.00121));
#2675=CARTESIAN_POINT('',(-0.0504,-0.01045,0.00121));
#2676=CARTESIAN_POINT('',(-0.050398,-0.01045,0.00121));
#2677=CARTESIAN_POINT('',(-0.05165,-0.013535,0.00121));
#2678=CARTESIAN_POINT('',(-0.0529,-0.013535,0.00121));
#2679=CARTESIAN_POINT('',(-0.0504,-0.013535,0.00121));
#2680=CARTESIAN_POINT('',(-0.0529,-0.01045,0.00121));
#2681=CARTESIAN_POINT('',(-0.0529,-0.013665,0.00121));
#2682=CARTESIAN_POINT('',(-0.050398,-0.013665,0.00121));
#2683=CARTESIAN_POINT('',(-0.0504,-0.013665,0.00121));
#2684=CARTESIAN_POINT('',(-0.0504,-0.01045,0.00121));
#2685=CARTESIAN_POINT('',(0.0504,0.,0.272417621135332));
#2686=CARTESIAN_POINT('',(0.0504,0.0365499995740894,0.011005));
#2687=CARTESIAN_POINT('',(0.0504,0.0365499995740894,0.01411));
#2688=CARTESIAN_POINT('',(0.0504,0.0365499995740899,0.0079));
#2689=CARTESIAN_POINT('',(0.0504,0.,0.01411));
#2690=CARTESIAN_POINT('',(0.0504,0.04099999957409,0.01411));
#2691=CARTESIAN_POINT('',(0.0504,0.04099999957409,0.272417621135332));
#2692=CARTESIAN_POINT('',(0.0504,0.04099999957409,0.));
#2693=CARTESIAN_POINT('',(0.0504,0.,0.));
#2694=CARTESIAN_POINT('',(0.0504,0.0337336383725724,0.));
#2695=CARTESIAN_POINT('',(0.0504,0.0337336383725724,-0.002585));
#2696=CARTESIAN_POINT('',(0.0504,0.0337336383725724,-0.002585));
#2697=CARTESIAN_POINT('',(0.0504,-2.4492935982963E-22,-0.002585));
#2698=CARTESIAN_POINT('',(0.0504,-0.0337336383725724,-0.002585));
#2699=CARTESIAN_POINT('',(0.0504,-0.0337336383725724,0.272417621135332));
#2700=CARTESIAN_POINT('',(0.0504,-0.0337336383725724,0.));
#2701=CARTESIAN_POINT('',(0.0504,0.,0.));
#2702=CARTESIAN_POINT('',(0.0504,-0.04099999957409,0.));
#2703=CARTESIAN_POINT('',(0.0504,-0.04099999957409,0.272417621135332));
#2704=CARTESIAN_POINT('',(0.0504,-0.04099999957409,0.01411));
#2705=CARTESIAN_POINT('',(0.0504,0.,0.01411));
#2706=CARTESIAN_POINT('',(0.0504,-0.0154500004259095,0.01411));
#2707=CARTESIAN_POINT('',(0.0504,-0.0154500004259095,0.011005));
#2708=CARTESIAN_POINT('',(0.0504,-0.0154500004259101,0.0079));
#2709=CARTESIAN_POINT('',(0.0504,-0.00970000042591003,0.0079));
#2710=CARTESIAN_POINT('',(0.0504,-0.00970000042591003,0.00215));
#2711=CARTESIAN_POINT('',(0.0504,-0.00295000042591003,0.00215));
#2712=CARTESIAN_POINT('',(0.0504,0.03079999957409,0.00215));
#2713=CARTESIAN_POINT('',(0.0504,0.03079999957409,0.0079));
#2714=CARTESIAN_POINT('',(-0.04599999957409,-0.04099999957409,0.272417621135332));
#2715=CARTESIAN_POINT('',(-0.04599999957409,-0.0479,0.272417621135332));
#2716=CARTESIAN_POINT('',(-0.04599999957409,-0.0479,0.01411));
#2717=CARTESIAN_POINT('',(-0.04599999957409,-0.0479,-0.004585));
#2718=CARTESIAN_POINT('',(-0.04599999957409,-0.04099999957409,0.01411));
#2719=CARTESIAN_POINT('',(-0.0529,-0.04099999957409,0.01411));
#2720=CARTESIAN_POINT('',(-0.0529,-0.04099999957409,0.272417621135332));
#2721=CARTESIAN_POINT('',(-0.0529,-0.04099999957409,-0.004585));
#2722=CARTESIAN_POINT('',(-0.04599999957409,-0.04099999957409,-0.004585));
#2723=CARTESIAN_POINT('',(-0.0529,0.,0.272417621135332));
#2724=CARTESIAN_POINT('',(-0.0529,-0.007835,0.005022));
#2725=CARTESIAN_POINT('',(-0.0529,-0.009135,0.005022));
#2726=CARTESIAN_POINT('',(-0.0529,-0.009735,0.005022));
#2727=CARTESIAN_POINT('',(-0.0529,-0.011035,0.005022));
#2728=CARTESIAN_POINT('',(-0.0529,-0.011635,0.005022));
#2729=CARTESIAN_POINT('',(-0.0529,-0.012935,0.005022));
#2730=CARTESIAN_POINT('',(-0.0529,-0.013535,0.005022));
#2731=CARTESIAN_POINT('',(-0.0529,-0.013535,0.00502));
#2732=CARTESIAN_POINT('',(-0.0529,-0.01045,0.00502));
#2733=CARTESIAN_POINT('',(-0.0529,-0.013665,0.00502));
#2734=CARTESIAN_POINT('',(-0.0529,-0.013665,0.003465));
#2735=CARTESIAN_POINT('',(-0.0529,-0.01522,0.003465));
#2736=CARTESIAN_POINT('',(-0.0529,-0.01522,0.003115));
#2737=CARTESIAN_POINT('',(-0.0529,-0.01522,0.00276499999999996));
#2738=CARTESIAN_POINT('',(-0.0529,-0.013665,0.002765));
#2739=CARTESIAN_POINT('',(-0.0529,-0.007235,0.003465));
#2740=CARTESIAN_POINT('',(-0.0529,-0.007235,0.00502));
#2741=CARTESIAN_POINT('',(-0.0529,-0.00568,0.003465));
#2742=CARTESIAN_POINT('',(-0.0529,-0.007235,0.005022));
#2743=CARTESIAN_POINT('',(-0.0529,-0.007235,0.00121));
#2744=CARTESIAN_POINT('',(-0.0529,-0.007235,0.002765));
#2745=CARTESIAN_POINT('',(-0.0529,-0.00568,0.002765));
#2746=CARTESIAN_POINT('',(-0.0529,-0.00568,0.003115));
#2747=CARTESIAN_POINT('',(-0.0529,0.,0.01411));
#2748=CARTESIAN_POINT('',(-0.0529,0.04099999957409,0.01411));
#2749=CARTESIAN_POINT('',(-0.0529,0.04099999957409,0.272417621135332));
#2750=CARTESIAN_POINT('',(-0.0529,0.04099999957409,-0.004585));
#2751=CARTESIAN_POINT('',(-0.0529,2.44684430469571E-19,-0.004585));
#2752=CARTESIAN_POINT('',(-0.04599999957409,0.04099999957409,0.272417621135332));
#2753=CARTESIAN_POINT('',(-0.04599999957409,0.04099999957409,0.01411));
#2754=CARTESIAN_POINT('',(-0.04599999957409,0.0479,0.01411));
#2755=CARTESIAN_POINT('',(-0.04599999957409,0.0479,0.272417621135332));
#2756=CARTESIAN_POINT('',(-0.04599999957409,0.0479,-0.004585));
#2757=CARTESIAN_POINT('',(-0.04599999957409,0.04099999957409,-0.004585));
#2758=CARTESIAN_POINT('',(0.,0.0479,0.272417621135332));
#2759=CARTESIAN_POINT('',(0.,0.0479,0.01411));
#2760=CARTESIAN_POINT('',(0.04599999957409,0.0479,0.01411));
#2761=CARTESIAN_POINT('',(0.04599999957409,0.0479,0.272417621135332));
#2762=CARTESIAN_POINT('',(0.04599999957409,0.0479,-0.004585));
#2763=CARTESIAN_POINT('',(2.99652004575866E-35,0.0479,-0.004585));
#2764=CARTESIAN_POINT('',(0.04599999957409,0.04099999957409,0.272417621135332));
#2765=CARTESIAN_POINT('',(0.04599999957409,0.04099999957409,0.01411));
#2766=CARTESIAN_POINT('',(0.0529,0.04099999957409,0.01411));
#2767=CARTESIAN_POINT('',(0.0529,0.04099999957409,0.272417621135332));
#2768=CARTESIAN_POINT('',(0.0529,0.04099999957409,-0.004585));
#2769=CARTESIAN_POINT('',(0.04599999957409,0.04099999957409,-0.004585));
#2770=CARTESIAN_POINT('',(0.,-0.0454,0.272417621135332));
#2771=CARTESIAN_POINT('',(0.04599999957409,-0.0454,0.272417621135332));
#2772=CARTESIAN_POINT('',(0.04599999957409,-0.0454,0.01411));
#2773=CARTESIAN_POINT('',(0.04599999957409,-0.0454,0.));
#2774=CARTESIAN_POINT('',(0.,-0.0454,0.));
#2775=CARTESIAN_POINT('',(0.0387336383725724,-0.0454,0.));
#2776=CARTESIAN_POINT('',(0.0387336383725724,-0.0454,0.272417621135332));
#2777=CARTESIAN_POINT('',(0.0387336383725724,-0.0454,-0.002585));
#2778=CARTESIAN_POINT('',(-2.99951956531848E-38,-0.0454,-0.002585));
#2779=CARTESIAN_POINT('',(-0.0387336383725724,-0.0454,-0.002585));
#2780=CARTESIAN_POINT('',(-0.0387336383725724,-0.0454,-8.67361737988404E-19));
#2781=CARTESIAN_POINT('',(-0.0387336383725724,-0.0454,0.));
#2782=CARTESIAN_POINT('',(0.,-0.0454,0.));
#2783=CARTESIAN_POINT('',(-0.04599999957409,-0.0454,0.));
#2784=CARTESIAN_POINT('',(-0.04599999957409,-0.0454,0.272417621135332));
#2785=CARTESIAN_POINT('',(-0.04599999957409,-0.0454,0.01411));
#2786=CARTESIAN_POINT('',(0.,-0.0454,0.01411));
#2787=CARTESIAN_POINT('',(0.04599999957409,-0.04099999957409,0.272417621135332));
#2788=CARTESIAN_POINT('',(0.04599999957409,-0.04099999957409,0.01411));
#2789=CARTESIAN_POINT('',(0.04599999957409,-0.04099999957409,0.));
#2790=CARTESIAN_POINT('',(0.04599999957409,0.04099999957409,0.272417621135332));
#2791=CARTESIAN_POINT('',(0.04599999957409,0.04099999957409,0.01411));
#2792=CARTESIAN_POINT('',(0.04599999957409,0.0454,0.01411));
#2793=CARTESIAN_POINT('',(0.04599999957409,0.0454,0.272417621135332));
#2794=CARTESIAN_POINT('',(0.04599999957409,0.0454,0.));
#2795=CARTESIAN_POINT('',(0.04599999957409,0.04099999957409,0.));
#2796=CARTESIAN_POINT('',(0.,0.0454,0.272417621135332));
#2797=CARTESIAN_POINT('',(-2.99951956533516E-38,0.0454,-0.002585));
#2798=CARTESIAN_POINT('',(-0.0387336383725724,0.0454,-0.002585));
#2799=CARTESIAN_POINT('',(0.0387336383725724,0.0454,-0.002585));
#2800=CARTESIAN_POINT('',(0.0387336383725724,0.0454,-8.67361737988404E-19));
#2801=CARTESIAN_POINT('',(0.0387336383725724,0.0454,0.));
#2802=CARTESIAN_POINT('',(0.,0.0454,0.));
#2803=CARTESIAN_POINT('',(0.,0.0454,0.01411));
#2804=CARTESIAN_POINT('',(-0.04599999957409,0.0454,0.01411));
#2805=CARTESIAN_POINT('',(-0.04599999957409,0.0454,0.272417621135332));
#2806=CARTESIAN_POINT('',(-0.04599999957409,0.0454,0.));
#2807=CARTESIAN_POINT('',(0.,0.0454,0.));
#2808=CARTESIAN_POINT('',(-0.0387336383725724,0.0454,0.));
#2809=CARTESIAN_POINT('',(-0.0387336383725724,0.0454,0.272417621135332));
#2810=CARTESIAN_POINT('',(-0.04599999957409,0.04099999957409,0.272417621135332));
#2811=CARTESIAN_POINT('',(-0.04599999957409,0.04099999957409,0.01411));
#2812=CARTESIAN_POINT('',(-0.0504,0.04099999957409,0.01411));
#2813=CARTESIAN_POINT('',(-0.0504,0.04099999957409,0.272417621135332));
#2814=CARTESIAN_POINT('',(-0.0504,0.04099999957409,0.));
#2815=CARTESIAN_POINT('',(-0.04599999957409,0.04099999957409,0.));
#2816=CARTESIAN_POINT('',(0.,-0.0479,0.272417621135332));
#2817=CARTESIAN_POINT('',(0.04599999957409,-0.0479,0.272417621135332));
#2818=CARTESIAN_POINT('',(0.04599999957409,-0.0479,0.01411));
#2819=CARTESIAN_POINT('',(0.04599999957409,-0.0479,-0.004585));
#2820=CARTESIAN_POINT('',(0.,-0.0479,0.01411));
#2821=CARTESIAN_POINT('',(2.99652004575868E-35,-0.0479,-0.004585));
#2822=CARTESIAN_POINT('',(0.0529,0.,0.272417621135332));
#2823=CARTESIAN_POINT('',(0.0529,-0.00970000042591003,0.0079));
#2824=CARTESIAN_POINT('',(0.0529,-0.0154500004259101,0.0079));
#2825=CARTESIAN_POINT('',(0.0529,-0.00970000042591003,0.00215));
#2826=CARTESIAN_POINT('',(0.0529,-0.0154500004259095,0.011005));
#2827=CARTESIAN_POINT('',(0.0529,-0.0154500004259095,0.01411));
#2828=CARTESIAN_POINT('',(0.0529,0.,0.01411));
#2829=CARTESIAN_POINT('',(0.0529,-0.04099999957409,0.01411));
#2830=CARTESIAN_POINT('',(0.0529,-0.04099999957409,0.272417621135332));
#2831=CARTESIAN_POINT('',(0.0529,-0.04099999957409,-0.004585));
#2832=CARTESIAN_POINT('',(0.0529,2.44684430469571E-19,-0.004585));
#2833=CARTESIAN_POINT('',(0.0529,0.,0.01411));
#2834=CARTESIAN_POINT('',(0.0529,0.0365499995740894,0.01411));
#2835=CARTESIAN_POINT('',(0.0529,0.0365499995740894,0.011005));
#2836=CARTESIAN_POINT('',(0.0529,0.0365499995740899,0.0079));
#2837=CARTESIAN_POINT('',(0.0529,0.03079999957409,0.0079));
#2838=CARTESIAN_POINT('',(0.0529,0.03079999957409,0.00215));
#2839=CARTESIAN_POINT('',(0.0529,-0.00295000042591003,0.00215));
#2840=CARTESIAN_POINT('',(0.04599999957409,-0.04099999957409,0.272417621135332));
#2841=CARTESIAN_POINT('',(0.04599999957409,-0.04099999957409,0.01411));
#2842=CARTESIAN_POINT('',(0.04599999957409,-0.04099999957409,-0.004585));
#2843=CARTESIAN_POINT('',(-0.04599999957409,-0.04099999957409,0.272417621135332));
#2844=CARTESIAN_POINT('',(-0.04599999957409,-0.04099999957409,0.01411));
#2845=CARTESIAN_POINT('',(-0.0504,-0.04099999957409,0.01411));
#2846=CARTESIAN_POINT('',(-0.04599999957409,-0.04099999957409,0.));
#2847=CARTESIAN_POINT('',(-0.0504,-0.04099999957409,0.));
#2848=CARTESIAN_POINT('',(-0.0504,-0.04099999957409,0.272417621135332));
#2849=CARTESIAN_POINT('',(-0.0504,0.,0.272417621135332));
#2850=CARTESIAN_POINT('',(-0.0504,-0.007835,0.005022));
#2851=CARTESIAN_POINT('',(-0.0504,-0.009135,0.005022));
#2852=CARTESIAN_POINT('',(-0.0504,-0.007235,0.005022));
#2853=CARTESIAN_POINT('',(-0.0504,-0.007235,0.00502));
#2854=CARTESIAN_POINT('',(-0.0504,-0.007235,0.00121));
#2855=CARTESIAN_POINT('',(-0.0504,-0.007235,0.003465));
#2856=CARTESIAN_POINT('',(-0.0504,-0.00568,0.003465));
#2857=CARTESIAN_POINT('',(-0.0504,-0.00568,0.003115));
#2858=CARTESIAN_POINT('',(-0.0504,-0.00568,0.002765));
#2859=CARTESIAN_POINT('',(-0.0504,-0.007235,0.002765));
#2860=CARTESIAN_POINT('',(-0.0504,-0.011035,0.005022));
#2861=CARTESIAN_POINT('',(-0.0504,-0.009735,0.005022));
#2862=CARTESIAN_POINT('',(-0.0504,-0.012935,0.005022));
#2863=CARTESIAN_POINT('',(-0.0504,-0.011635,0.005022));
#2864=CARTESIAN_POINT('',(-0.0504,-0.013665,0.003465));
#2865=CARTESIAN_POINT('',(-0.0504,-0.013665,0.00502));
#2866=CARTESIAN_POINT('',(-0.0504,-0.01522,0.003465));
#2867=CARTESIAN_POINT('',(-0.0504,-0.01045,0.00502));
#2868=CARTESIAN_POINT('',(-0.0504,-0.013535,0.00502));
#2869=CARTESIAN_POINT('',(-0.0504,-0.013535,0.005022));
#2870=CARTESIAN_POINT('',(-0.0504,-0.013665,0.002765));
#2871=CARTESIAN_POINT('',(-0.0504,-0.01522,0.002765));
#2872=CARTESIAN_POINT('',(-0.0504,-0.01522,0.003115));
#2873=CARTESIAN_POINT('',(-0.0504,-2.4492935982963E-22,-0.002585));
#2874=CARTESIAN_POINT('',(-0.0504,-0.0337336383725724,-0.002585));
#2875=CARTESIAN_POINT('',(-0.0504,0.0337336383725724,-0.002585));
#2876=CARTESIAN_POINT('',(-0.0504,0.0337336383725724,0.272417621135332));
#2877=CARTESIAN_POINT('',(-0.0504,0.0337336383725724,0.));
#2878=CARTESIAN_POINT('',(-0.0504,0.,0.));
#2879=CARTESIAN_POINT('',(-0.0504,0.,0.01411));
#2880=CARTESIAN_POINT('',(-0.0504,0.,0.));
#2881=CARTESIAN_POINT('',(-0.0504,-0.0337336383725724,0.));
#2882=CARTESIAN_POINT('',(-0.0504,-0.0337336383725724,-0.002585));
#2883=CARTESIAN_POINT('',(0.,0.,0.01411));
#2884=CARTESIAN_POINT('',(0.050398,-0.0154500004259095,0.01411));
#2885=CARTESIAN_POINT('',(0.050398,0.0365499995740894,0.01411));
#2886=CARTESIAN_POINT('',(0.,0.,0.));
#2887=CARTESIAN_POINT('',(-0.046,-0.041,0.));
#2888=CARTESIAN_POINT('',(-0.0476,-0.041,0.));
#2889=CARTESIAN_POINT('',(-0.0387336383725724,-0.0424,0.));
#2890=CARTESIAN_POINT('',(-0.0416794603117478,-0.0418324322924328,0.));
#2891=CARTESIAN_POINT('',(-0.04599999957409,-0.04099999957409,0.));
#2892=CARTESIAN_POINT('',(-0.0468324322924328,-0.0366794603117478,0.));
#2893=CARTESIAN_POINT('',(-0.0474,-0.0337336383725724,0.));
#2894=CARTESIAN_POINT('',(0.,0.,0.));
#2895=CARTESIAN_POINT('',(0.046,-0.041,0.));
#2896=CARTESIAN_POINT('',(0.0444,-0.041,0.));
#2897=CARTESIAN_POINT('',(0.0474,-0.0337336383725724,0.));
#2898=CARTESIAN_POINT('',(0.0468324322924328,-0.0366794603117478,0.));
#2899=CARTESIAN_POINT('',(0.04599999957409,-0.04099999957409,0.));
#2900=CARTESIAN_POINT('',(0.0416794603117478,-0.0418324322924328,0.));
#2901=CARTESIAN_POINT('',(0.0387336383725724,-0.0424,0.));
#2902=CARTESIAN_POINT('',(0.,0.,0.));
#2903=CARTESIAN_POINT('',(0.046,0.041,0.));
#2904=CARTESIAN_POINT('',(0.0444,0.041,0.));
#2905=CARTESIAN_POINT('',(0.0387336383725724,0.0424,0.));
#2906=CARTESIAN_POINT('',(0.0416794603117478,0.0418324322924328,0.));
#2907=CARTESIAN_POINT('',(0.04599999957409,0.04099999957409,0.));
#2908=CARTESIAN_POINT('',(0.0468324322924328,0.0366794603117478,0.));
#2909=CARTESIAN_POINT('',(0.0474,0.0337336383725724,0.));
#2910=CARTESIAN_POINT('',(0.,0.,0.));
#2911=CARTESIAN_POINT('',(-0.046,0.041,0.));
#2912=CARTESIAN_POINT('',(-0.0476,0.041,0.));
#2913=CARTESIAN_POINT('',(-0.0474,0.0337336383725724,0.));
#2914=CARTESIAN_POINT('',(-0.0468324322924328,0.0366794603117478,0.));
#2915=CARTESIAN_POINT('',(-0.04599999957409,0.04099999957409,0.));
#2916=CARTESIAN_POINT('',(-0.0416794603117478,0.0418324322924328,0.));
#2917=CARTESIAN_POINT('',(-0.0387336383725724,0.0424,0.));
#2918=CARTESIAN_POINT('',(-0.04599999957409,-0.04099999957409,-0.002587));
#2919=CARTESIAN_POINT('',(-0.04599999957409,-0.04099999957409,-0.002585));
#2920=CARTESIAN_POINT('',(-0.0468324322924328,-0.0366794603117478,-0.002585));
#2921=CARTESIAN_POINT('',(-0.0416794603117478,-0.0418324322924328,-0.002585));
#2922=CARTESIAN_POINT('',(-0.0468324322924328,-0.0366794603117478,-0.002587));
#2923=CARTESIAN_POINT('',(-0.0416794603117478,-0.0418324322924328,-0.002587));
#2924=CARTESIAN_POINT('',(0.04599999957409,-0.04099999957409,-0.002587));
#2925=CARTESIAN_POINT('',(0.04599999957409,-0.04099999957409,-0.002585));
#2926=CARTESIAN_POINT('',(0.0468324322924328,-0.0366794603117478,-0.002585));
#2927=CARTESIAN_POINT('',(0.0416794603117478,-0.0418324322924328,-0.002585));
#2928=CARTESIAN_POINT('',(0.0416794603117478,-0.0418324322924328,-0.002587));
#2929=CARTESIAN_POINT('',(0.0468324322924328,-0.0366794603117478,-0.002587));
#2930=CARTESIAN_POINT('',(0.04599999957409,0.04099999957409,-0.002587));
#2931=CARTESIAN_POINT('',(0.0416794603117478,0.0418324322924328,-0.002587));
#2932=CARTESIAN_POINT('',(0.0416794603117478,0.0418324322924328,-0.002585));
#2933=CARTESIAN_POINT('',(0.04599999957409,0.04099999957409,-0.002585));
#2934=CARTESIAN_POINT('',(0.0468324322924328,0.0366794603117478,-0.002585));
#2935=CARTESIAN_POINT('',(0.0468324322924328,0.0366794603117478,-0.002587));
#2936=CARTESIAN_POINT('',(-0.046,-0.041,-0.002587));
#2937=CARTESIAN_POINT('',(-0.046,-0.041,-0.004585));
#2938=CARTESIAN_POINT('',(-0.046,-0.0394,-0.004585));
#2939=CARTESIAN_POINT('',(-0.04599999957409,0.04099999957409,-0.002587));
#2940=CARTESIAN_POINT('',(-0.04599999957409,0.04099999957409,-0.002585));
#2941=CARTESIAN_POINT('',(-0.0468324322924328,0.0366794603117478,-0.002585));
#2942=CARTESIAN_POINT('',(-0.0416794603117478,0.0418324322924328,-0.002585));
#2943=CARTESIAN_POINT('',(-0.0416794603117478,0.0418324322924328,-0.002587));
#2944=CARTESIAN_POINT('',(-0.0468324322924328,0.0366794603117478,-0.002587));
#2945=CARTESIAN_POINT('',(-0.046,0.041,-0.002587));
#2946=CARTESIAN_POINT('',(-0.046,0.041,-0.004585));
#2947=CARTESIAN_POINT('',(-0.046,0.0426,-0.004585));
#2948=CARTESIAN_POINT('',(0.046,0.041,-0.002587));
#2949=CARTESIAN_POINT('',(0.046,0.041,-0.004585));
#2950=CARTESIAN_POINT('',(0.046,0.0426,-0.004585));
#2951=CARTESIAN_POINT('',(0.046,-0.041,-0.002587));
#2952=CARTESIAN_POINT('',(0.046,-0.041,-0.004585));
#2953=CARTESIAN_POINT('',(0.046,-0.0394,-0.004585));
#2954=CARTESIAN_POINT('',(0.0387336383725724,0.0424,-0.002587));
#2955=CARTESIAN_POINT('',(0.0387336383725724,0.0424,-0.002585));
#2956=CARTESIAN_POINT('',(0.0474,0.0337336383725724,-0.002587));
#2957=CARTESIAN_POINT('',(0.0474,0.0337336383725724,-0.002585));
#2958=CARTESIAN_POINT('',(-0.0387336383725724,0.0424,-0.002587));
#2959=CARTESIAN_POINT('',(-0.0387336383725724,0.0424,-0.002585));
#2960=CARTESIAN_POINT('',(-0.0474,0.0337336383725724,-0.002587));
#2961=CARTESIAN_POINT('',(-0.0474,0.0337336383725724,-0.002585));
#2962=CARTESIAN_POINT('',(0.0387336383725724,-0.0424,-0.002587));
#2963=CARTESIAN_POINT('',(0.0387336383725724,-0.0424,-0.002585));
#2964=CARTESIAN_POINT('',(0.0474,-0.0337336383725724,-0.002587));
#2965=CARTESIAN_POINT('',(0.0474,-0.0337336383725724,-0.002585));
#2966=CARTESIAN_POINT('',(-0.0474,-0.0337336383725724,-0.002587));
#2967=CARTESIAN_POINT('',(-0.0474,-0.0337336383725724,-0.002585));
#2968=CARTESIAN_POINT('',(-0.0387336383725724,-0.0424,-0.002587));
#2969=CARTESIAN_POINT('',(-0.0387336383725724,-0.0424,-0.002585));
#2970=CARTESIAN_POINT('',(0.017312,-0.013779999787045,-0.004585));
#2971=CARTESIAN_POINT('',(0.017312,-0.013779999787045,-0.002585));
#2972=CARTESIAN_POINT('',(0.017312,-0.02072999957409,-0.002585));
#2973=CARTESIAN_POINT('',(0.017312,-0.00683,-0.002585));
#2974=CARTESIAN_POINT('',(0.017312,-0.02072999957409,-0.004585));
#2975=CARTESIAN_POINT('',(0.017312,-0.02072999957409,-0.004585));
#2976=CARTESIAN_POINT('',(0.017312,-0.013779999787045,-0.004585));
#2977=CARTESIAN_POINT('',(0.017312,-0.00683,-0.004585));
#2978=CARTESIAN_POINT('',(0.017312,-0.00683,-0.004585));
#2979=CARTESIAN_POINT('',(0.014312,-0.02072999957409,-0.004585));
#2980=CARTESIAN_POINT('',(0.014312,-0.02072999957409,-0.002585));
#2981=CARTESIAN_POINT('',(0.011312,-0.02072999957409,-0.002585));
#2982=CARTESIAN_POINT('',(0.011312,-0.02072999957409,-0.004585));
#2983=CARTESIAN_POINT('',(0.011312,-0.02072999957409,-0.004585));
#2984=CARTESIAN_POINT('',(0.014312,-0.02072999957409,-0.004585));
#2985=CARTESIAN_POINT('',(0.011312,-0.013779999787045,-0.004585));
#2986=CARTESIAN_POINT('',(0.011312,-0.013779999787045,-0.002585));
#2987=CARTESIAN_POINT('',(0.011312,-0.00683,-0.002585));
#2988=CARTESIAN_POINT('',(0.011312,-0.00683,-0.004585));
#2989=CARTESIAN_POINT('',(0.011312,-0.00683,-0.004585));
#2990=CARTESIAN_POINT('',(0.011312,-0.013779999787045,-0.004585));
#2991=CARTESIAN_POINT('',(0.011012,-0.00683,-0.004585));
#2992=CARTESIAN_POINT('',(0.011012,-0.00683,-0.002585));
#2993=CARTESIAN_POINT('',(0.010712,-0.00683,-0.002585));
#2994=CARTESIAN_POINT('',(0.010712,-0.00683,-0.004585));
#2995=CARTESIAN_POINT('',(0.010712,-0.00683,-0.004585));
#2996=CARTESIAN_POINT('',(0.011012,-0.00683,-0.004585));
#2997=CARTESIAN_POINT('',(0.010712,-0.013779999787045,-0.004585));
#2998=CARTESIAN_POINT('',(0.010712,-0.013779999787045,-0.002585));
#2999=CARTESIAN_POINT('',(0.010712,-0.02072999957409,-0.002585));
#3000=CARTESIAN_POINT('',(0.010712,-0.02072999957409,-0.004585));
#3001=CARTESIAN_POINT('',(0.010712,-0.02072999957409,-0.004585));
#3002=CARTESIAN_POINT('',(0.010712,-0.013779999787045,-0.004585));
#3003=CARTESIAN_POINT('',(0.00951825021295501,-0.02072999957409,-0.004585));
#3004=CARTESIAN_POINT('',(0.00951825021295501,-0.02072999957409,-0.002585));
#3005=CARTESIAN_POINT('',(0.00832450042591002,-0.02072999957409,-0.002585));
#3006=CARTESIAN_POINT('',(0.00832450042591002,-0.02072999957409,-0.004585));
#3007=CARTESIAN_POINT('',(0.00832450042591002,-0.02072999957409,-0.004585));
#3008=CARTESIAN_POINT('',(0.00951825021295501,-0.02072999957409,-0.004585));
#3009=CARTESIAN_POINT('',(0.00832450042591002,-0.03199999957409,-0.004585));
#3010=CARTESIAN_POINT('',(0.00832450042591002,-0.03199999957409,-0.002585));
#3011=CARTESIAN_POINT('',(0.00832450042591002,-0.04326999957409,-0.002585));
#3012=CARTESIAN_POINT('',(0.00832450042591002,-0.04326999957409,-0.004585));
#3013=CARTESIAN_POINT('',(0.00832450042591002,-0.04326999957409,-0.004585));
#3014=CARTESIAN_POINT('',(0.00832450042591002,-0.03199999957409,-0.004585));
#3015=CARTESIAN_POINT('',(0.01431200042591,-0.04326999957409,-0.004585));
#3016=CARTESIAN_POINT('',(0.01431200042591,-0.04326999957409,-0.002585));
#3017=CARTESIAN_POINT('',(0.02029950042591,-0.04326999957409,-0.002585));
#3018=CARTESIAN_POINT('',(0.02029950042591,-0.04326999957409,-0.004585));
#3019=CARTESIAN_POINT('',(0.02029950042591,-0.04326999957409,-0.004585));
#3020=CARTESIAN_POINT('',(0.01431200042591,-0.04326999957409,-0.004585));
#3021=CARTESIAN_POINT('',(0.02029950042591,-0.03199999957409,-0.004585));
#3022=CARTESIAN_POINT('',(0.02029950042591,-0.03199999957409,-0.002585));
#3023=CARTESIAN_POINT('',(0.02029950042591,-0.02072999957409,-0.002585));
#3024=CARTESIAN_POINT('',(0.02029950042591,-0.02072999957409,-0.004585));
#3025=CARTESIAN_POINT('',(0.02029950042591,-0.02072999957409,-0.004585));
#3026=CARTESIAN_POINT('',(0.02029950042591,-0.03199999957409,-0.004585));
#3027=CARTESIAN_POINT('',(0.019105750212955,-0.02072999957409,-0.004585));
#3028=CARTESIAN_POINT('',(0.019105750212955,-0.02072999957409,-0.002585));
#3029=CARTESIAN_POINT('',(0.017912,-0.02072999957409,-0.002585));
#3030=CARTESIAN_POINT('',(0.017912,-0.02072999957409,-0.004585));
#3031=CARTESIAN_POINT('',(0.017912,-0.02072999957409,-0.004585));
#3032=CARTESIAN_POINT('',(0.019105750212955,-0.02072999957409,-0.004585));
#3033=CARTESIAN_POINT('',(0.017912,-0.013779999787045,-0.004585));
#3034=CARTESIAN_POINT('',(0.017912,-0.013779999787045,-0.002585));
#3035=CARTESIAN_POINT('',(0.017912,-0.00683,-0.002585));
#3036=CARTESIAN_POINT('',(0.017912,-0.00683,-0.004585));
#3037=CARTESIAN_POINT('',(0.017912,-0.00683,-0.004585));
#3038=CARTESIAN_POINT('',(0.017912,-0.013779999787045,-0.004585));
#3039=CARTESIAN_POINT('',(0.017612,-0.00683,-0.004585));
#3040=CARTESIAN_POINT('',(0.017612,-0.00683,-0.002585));
#3041=CARTESIAN_POINT('',(0.017612,-0.00683,-0.004585));
#3042=CARTESIAN_POINT('',(6.87639860350527E-35,2.13781822691306E-17,-0.004585));
#3043=CARTESIAN_POINT('',(3.87687903818127E-35,2.11332529093012E-17,-0.002585));
#3044=CARTESIAN_POINT('',(0.050398,-0.0154500004259095,0.011005));
#3045=CARTESIAN_POINT('',(0.050398,-0.0154500004259101,0.0079));
#3046=CARTESIAN_POINT('',(0.050398,-0.00970000042591003,0.0079));
#3047=CARTESIAN_POINT('',(0.050398,-0.00970000042591003,0.00215));
#3048=CARTESIAN_POINT('',(0.050398,0.0365499995740894,0.011005));
#3049=CARTESIAN_POINT('',(0.050398,0.0365499995740899,0.0079));
#3050=CARTESIAN_POINT('',(0.050398,0.03079999957409,0.0079));
#3051=CARTESIAN_POINT('',(0.050398,0.03079999957409,0.00215));
#3052=CARTESIAN_POINT('',(0.050398,-0.00295000042591003,0.00215));
#3053=CARTESIAN_POINT('',(-0.050398,-0.013665,0.003465));
#3054=CARTESIAN_POINT('',(-0.050398,-0.01522,0.003465));
#3055=CARTESIAN_POINT('',(-0.050398,-0.013665,0.00502));
#3056=CARTESIAN_POINT('',(-0.050398,-0.01522,0.003115));
#3057=CARTESIAN_POINT('',(-0.050398,-0.01522,0.002765));
#3058=CARTESIAN_POINT('',(-0.050398,-0.013665,0.002765));
#3059=CARTESIAN_POINT('',(-0.050398,-0.007235,0.002765));
#3060=CARTESIAN_POINT('',(-0.050398,-0.00568,0.002765));
#3061=CARTESIAN_POINT('',(-0.050398,-0.007235,0.00121));
#3062=CARTESIAN_POINT('',(-0.050398,-0.00568,0.003115));
#3063=CARTESIAN_POINT('',(-0.050398,-0.00568,0.003465));
#3064=CARTESIAN_POINT('',(-0.050398,-0.007235,0.003465));
#3065=CARTESIAN_POINT('',(-0.050398,-0.007235,0.00502));
#3066=CARTESIAN_POINT('',(-0.050398,-0.01045,0.00502));
#3067=CARTESIAN_POINT('',(-0.05165,-0.013535,0.00502));
#3068=CARTESIAN_POINT('',(-0.05165,-0.013535,0.005022));
#3069=CARTESIAN_POINT('',(-0.05165,-0.012935,0.005022));
#3070=CARTESIAN_POINT('',(-0.05165,-0.011635,0.005022));
#3071=CARTESIAN_POINT('',(-0.05165,-0.011035,0.005022));
#3072=CARTESIAN_POINT('',(-0.05165,-0.009735,0.005022));
#3073=CARTESIAN_POINT('',(-0.05165,-0.009135,0.005022));
#3074=CARTESIAN_POINT('',(-0.05165,-0.007835,0.005022));
#3075=CARTESIAN_POINT('',(-0.050398,-0.007235,0.005022));
#3076=MECHANICAL_DESIGN_GEOMETRIC_PRESENTATION_REPRESENTATION('',(#1836),
#3078);
#3077=MECHANICAL_DESIGN_GEOMETRIC_PRESENTATION_REPRESENTATION('',(#1837),
#3079);
#3078=(
GEOMETRIC_REPRESENTATION_CONTEXT(3)
GLOBAL_UNCERTAINTY_ASSIGNED_CONTEXT((#3080))
GLOBAL_UNIT_ASSIGNED_CONTEXT((#3086,#3084,#3082))
REPRESENTATION_CONTEXT('Bottom Cover','TOP_LEVEL_ASSEMBLY_PART')
);
#3079=(
GEOMETRIC_REPRESENTATION_CONTEXT(3)
GLOBAL_UNCERTAINTY_ASSIGNED_CONTEXT((#3081))
GLOBAL_UNIT_ASSIGNED_CONTEXT((#3087,#3085,#3083))
REPRESENTATION_CONTEXT('Case','TOP_LEVEL_ASSEMBLY_PART')
);
#3080=UNCERTAINTY_MEASURE_WITH_UNIT(LENGTH_MEASURE(1.E-8),#3086,
'DISTANCE_ACCURACY_VALUE','Maximum Tolerance applied to model');
#3081=UNCERTAINTY_MEASURE_WITH_UNIT(LENGTH_MEASURE(1.E-8),#3087,
'DISTANCE_ACCURACY_VALUE','Maximum Tolerance applied to model');
#3082=(
NAMED_UNIT(*)
SI_UNIT($,.STERADIAN.)
SOLID_ANGLE_UNIT()
);
#3083=(
NAMED_UNIT(*)
SI_UNIT($,.STERADIAN.)
SOLID_ANGLE_UNIT()
);
#3084=(
NAMED_UNIT(*)
PLANE_ANGLE_UNIT()
SI_UNIT($,.RADIAN.)
);
#3085=(
NAMED_UNIT(*)
PLANE_ANGLE_UNIT()
SI_UNIT($,.RADIAN.)
);
#3086=(
LENGTH_UNIT()
NAMED_UNIT(*)
SI_UNIT($,.METRE.)
);
#3087=(
LENGTH_UNIT()
NAMED_UNIT(*)
SI_UNIT($,.METRE.)
);
#3088=PRODUCT_DEFINITION_SHAPE('','',#3090);
#3089=PRODUCT_DEFINITION_SHAPE('','',#3091);
#3090=PRODUCT_DEFINITION('','',#3094,#3092);
#3091=PRODUCT_DEFINITION('','',#3095,#3093);
#3092=PRODUCT_DEFINITION_CONTEXT('',#3106,'design');
#3093=PRODUCT_DEFINITION_CONTEXT('',#3107,'design');
#3094=PRODUCT_DEFINITION_FORMATION_WITH_SPECIFIED_SOURCE('','',#3098,
 .NOT_KNOWN.);
#3095=PRODUCT_DEFINITION_FORMATION_WITH_SPECIFIED_SOURCE('','',#3099,
 .NOT_KNOWN.);
#3096=PRODUCT_RELATED_PRODUCT_CATEGORY('','',(#3098));
#3097=PRODUCT_RELATED_PRODUCT_CATEGORY('','',(#3099));
#3098=PRODUCT('Bottom Cover','Bottom Cover','Bottom Cover',(#3102));
#3099=PRODUCT('Case','Case','Case',(#3103));
#3100=PRODUCT_CATEGORY('','');
#3101=PRODUCT_CATEGORY('','');
#3102=PRODUCT_CONTEXT('',#3106,'mechanical');
#3103=PRODUCT_CONTEXT('',#3107,'mechanical');
#3104=APPLICATION_PROTOCOL_DEFINITION('international standard',
'ap242_managed_model_based_3d_engineering',2020,#3106);
#3105=APPLICATION_PROTOCOL_DEFINITION('international standard',
'ap242_managed_model_based_3d_engineering',2020,#3107);
#3106=APPLICATION_CONTEXT('managed model based 3d engineering');
#3107=APPLICATION_CONTEXT('managed model based 3d engineering');
ENDSEC;
END-ISO-10303-21;
